Symbol,Name
AAPL,APPLE INC
NVDA,NVIDIA CORP
MSFT,MICROSOFT CORP
AMZN,AMAZON COM INC
META,META PLATFORMS INC CLASS A
GOOGL,ALPHABET INC CLASS A
GOOG,ALPHABET INC CLASS C
BRKB,BERKSHIRE HATHAWAY INC CLASS B
AVGO,BROADCOM INC
TSLA,TESLA INC
LLY,ELI LILLY
JPM,JPMORGAN CHASE & CO
XOM,EXXON MOBIL CORP
UNH,UNITEDHEALTH GROUP INC
V,VISA INC CLASS A
MA,MASTERCARD INC CLASS A
PG,PROCTER & GAMBLE
COST,COSTCO WHOLESALE CORP
HD,HOME DEPOT INC
JNJ,JOHNSON & JOHNSON
ABBV,ABBVIE INC
WMT,WALMART INC
NFLX,NETFLIX INC
BAC,BANK OF AMERICA CORP
CRM,SALESFORCE INC
ORCL,ORACLE CORP
MRK,MERCK & CO INC
KO,COCA-COLA
CVX,CHEVRON CORP
AMD,ADVANCED MICRO DEVICES INC
WFC,WELLS FARGO
PEP,PEPSICO INC
LIN,LINDE PLC
CSCO,CISCO SYSTEMS INC
ACN,ACCENTURE PLC CLASS A
ADBE,ADOBE INC
TMO,THERMO FISHER SCIENTIFIC INC
MCD,MCDONALDS CORP
PM,PHILIP MORRIS INTERNATIONAL INC
ABT,ABBOTT LABORATORIES
NOW,SERVICENOW INC
GE,GE AEROSPACE
TXN,TEXAS INSTRUMENT INC
IBM,INTERNATIONAL BUSINESS MACHINES CO
QCOM,QUALCOMM INC
CAT,CATERPILLAR INC
ISRG,INTUITIVE SURGICAL INC
DIS,WALT DISNEY
VZ,VERIZON COMMUNICATIONS INC
INTU,INTUIT INC
AMGN,AMGEN INC
GS,GOLDMAN SACHS GROUP INC
NEE,NEXTERA ENERGY INC
RTX,RTX CORP
CMCSA,COMCAST CORP CLASS A
PFE,PFIZER INC
UBER,UBER TECHNOLOGIES INC
T,AT&T INC
DHR,DANAHER CORP
AMAT,APPLIED MATERIAL INC
AXP,AMERICAN EXPRESS
SPGI,S&P GLOBAL INC
BKNG,BOOKING HOLDINGS INC
LOW,LOWES COMPANIES INC
BLK,BLACKROCK INC
UNP,UNION PACIFIC CORP
PGR,PROGRESSIVE CORP
ETN,EATON PLC
MS,MORGAN STANLEY
HON,HONEYWELL INTERNATIONAL INC
SYK,STRYKER CORP
TJX,TJX INC
BSX,BOSTON SCIENTIFIC CORP
C,CITIGROUP INC
VRTX,VERTEX PHARMACEUTICALS INC
BX,BLACKSTONE INC
COP,CONOCOPHILLIPS
ADP,AUTOMATIC DATA PROCESSING INC
MDT,MEDTRONIC PLC
LMT,LOCKHEED MARTIN CORP
CB,CHUBB LTD
FI,FISERV INC
MU,MICRON TECHNOLOGY INC
ADI,ANALOG DEVICES INC
PANW,PALO ALTO NETWORKS INC
GILD,GILEAD SCIENCES INC
SBUX,STARBUCKS CORP
MMC,MARSH & MCLENNAN INC
TMUS,T MOBILE US INC
PLD,PROLOGIS REIT INC
BMY,BRISTOL MYERS SQUIBB
SCHW,CHARLES SCHWAB CORP
DE,DEERE
ANET,ARISTA NETWORKS INC
AMT,AMERICAN TOWER REIT CORP
LRCX,LAM RESEARCH CORP
SO,SOUTHERN
UPS,UNITED PARCEL SERVICE INC CLASS B
REGN,REGENERON PHARMACEUTICALS INC
ELV,ELEVANCE HEALTH INC
INTC,INTEL CORPORATION CORP
ICE,INTERCONTINENTAL EXCHANGE INC
KKR,KKR AND CO INC
MDLZ,MONDELEZ INTERNATIONAL INC CLASS A
KLAC,KLA CORP
NKE,NIKE INC CLASS B
BA,BOEING
DUK,DUKE ENERGY CORP
PLTR,PALANTIR TECHNOLOGIES INC CLASS A
CI,CIGNA
MO,ALTRIA GROUP INC
WM,WASTE MANAGEMENT INC
EQIX,EQUINIX REIT INC
TT,TRANE TECHNOLOGIES PLC
SHW,SHERWIN WILLIAMS
WELL,WELLTOWER INC
ZTS,ZOETIS INC CLASS A
CEG,CONSTELLATION ENERGY CORP
GD,GENERAL DYNAMICS CORP
CME,CME GROUP INC CLASS A
SNPS,SYNOPSYS INC
GEV,GE VERNOVA INC
APH,AMPHENOL CORP CLASS A
PYPL,PAYPAL HOLDINGS INC
PH,PARKER-HANNIFIN CORP
CDNS,CADENCE DESIGN SYSTEMS INC
ITW,ILLINOIS TOOL INC
CL,COLGATE-PALMOLIVE
APO,APOLLO GLOBAL MANAGEMENT INC
CMG,CHIPOTLE MEXICAN GRILL INC
USB,US BANCORP
PNC,PNC FINANCIAL SERVICES GROUP INC
MSI,MOTOROLA SOLUTIONS INC
MCO,MOODYS CORP
AON,AON PLC CLASS A
TDG,TRANSDIGM GROUP INC
CTAS,CINTAS CORP
MRVL,MARVELL TECHNOLOGY INC
CVS,CVS HEALTH CORP
MMM,3M
CRWD,CROWDSTRIKE HOLDINGS INC CLASS A
NOC,NORTHROP GRUMMAN CORP
APD,AIR PRODUCTS AND CHEMICALS INC
EOG,EOG RESOURCES INC
TGT,TARGET CORP
BDX,BECTON DICKINSON
XTSLA,BLK CSH FND TREASURY SL AGENCY
HCA,HCA HEALTHCARE INC
ORLY,OREILLY AUTOMOTIVE INC
FCX,FREEPORT MCMORAN INC
CRH,CRH PUBLIC LIMITED PLC
CSX,CSX CORP
MCK,MCKESSON CORP
WMB,WILLIAMS INC
COF,CAPITAL ONE FINANCIAL CORP
ECL,ECOLAB INC
EMR,EMERSON ELECTRIC
ADSK,AUTODESK INC
FDX,FEDEX CORP
AJG,ARTHUR J GALLAGHER
CARR,CARRIER GLOBAL CORP
AFL,AFLAC INC
MAR,MARRIOTT INTERNATIONAL INC CLASS A
ABNB,AIRBNB INC CLASS A
DLR,DIGITAL REALTY TRUST REIT INC
HLT,HILTON WORLDWIDE HOLDINGS INC
GM,GENERAL MOTORS
ROP,ROPER TECHNOLOGIES INC
TFC,TRUIST FINANCIAL CORP
SPOT,SPOTIFY TECHNOLOGY SA
SLB,SCHLUMBERGER NV
TRV,TRAVELERS COMPANIES INC
NSC,NORFOLK SOUTHERN CORP
BK,BANK OF NEW YORK MELLON CORP
OKE,ONEOK INC
SPG,SIMON PROPERTY GROUP REIT INC
TTD,TRADE DESK INC CLASS A
NEM,NEWMONT
PCAR,PACCAR INC
URI,UNITED RENTALS INC
DASH,DOORDASH INC CLASS A
PSA,PUBLIC STORAGE REIT
SRE,SEMPRA
O,REALTY INCOME REIT CORP
AMP,AMERIPRISE FINANCE INC
AZO,AUTOZONE INC
AEP,AMERICAN ELECTRIC POWER INC
JCI,JOHNSON CONTROLS INTERNATIONAL PLC
PSX,PHILLIPS
FIS,FIDELITY NATIONAL INFORMATION SERV
MPC,MARATHON PETROLEUM CORP
WDAY,WORKDAY INC CLASS A
DHI,D R HORTON INC
ALL,ALLSTATE CORP
AIG,AMERICAN INTERNATIONAL GROUP INC
NU,NU HOLDINGS LTD CLASS A
FTNT,FORTINET INC
RCL,ROYAL CARIBBEAN GROUP LTD
D,DOMINION ENERGY INC
MET,METLIFE INC
KMI,KINDER MORGAN INC
GWW,WW GRAINGER INC
FICO,FAIR ISAAC CORP
CCI,CROWN CASTLE INC
LHX,L3HARRIS TECHNOLOGIES INC
ROST,ROSS STORES INC
CPRT,COPART INC
PRU,PRUDENTIAL FINANCIAL INC
PAYX,PAYCHEX INC
PWR,QUANTA SERVICES INC
CMI,CUMMINS INC
KMB,KIMBERLY CLARK CORP
APP,APPLOVIN CORP CLASS A
FAST,FASTENAL
PEG,PUBLIC SERVICE ENTERPRISE GROUP IN
MSCI,MSCI INC
KVUE,KENVUE INC
MPWR,MONOLITHIC POWER SYSTEMS INC
PCG,PG&E CORP
CTVA,CORTEVA INC
VST,VISTRA CORP
COIN,COINBASE GLOBAL INC CLASS A
LNG,CHENIERE ENERGY INC
VLO,VALERO ENERGY CORP
F,FORD MOTOR CO
EW,EDWARDS LIFESCIENCES CORP
LEN,LENNAR A CORP CLASS A
HWM,HOWMET AEROSPACE INC
RSG,REPUBLIC SERVICES INC
SQ,BLOCK INC CLASS A
CBRE,CBRE GROUP INC CLASS A
MCHP,MICROCHIP TECHNOLOGY INC
VRT,VERTIV HOLDINGS CLASS A
ODFL,OLD DOMINION FREIGHT LINE INC
FERG,FERGUSON ENTERPRISES INC
EA,ELECTRONIC ARTS INC
OTIS,OTIS WORLDWIDE CORP
IR,INGERSOLL RAND INC
EXC,EXELON CORP
IT,GARTNER INC
AME,AMETEK INC
VRSK,VERISK ANALYTICS INC
IQV,IQVIA HOLDINGS INC
DFS,DISCOVER FINANCIAL SERVICES
A,AGILENT TECHNOLOGIES INC
MSTR,MICROSTRATEGY INC CLASS A
GEHC,GE HEALTHCARE TECHNOLOGIES INC
DDOG,DATADOG INC CLASS A
GIS,GENERAL MILLS INC
COR,CENCORA INC
ACGL,ARCH CAPITAL GROUP LTD
DAL,DELTA AIR LINES INC
MNST,MONSTER BEVERAGE CORP
BKR,BAKER HUGHES CLASS A
YUM,YUM BRANDS INC
SNOW,SNOWFLAKE INC CLASS A
IRM,IRON MOUNTAIN INC
HES,HESS CORP
STZ,CONSTELLATION BRANDS INC CLASS A
IDXX,IDEXX LABORATORIES INC
SYY,SYSCO CORP
KR,KROGER
GLW,CORNING INC
MLM,MARTIN MARIETTA MATERIALS INC
CTSH,COGNIZANT TECHNOLOGY SOLUTIONS COR
TRGP,TARGA RESOURCES CORP
LULU,LULULEMON ATHLETICA INC
VMC,VULCAN MATERIALS
ED,CONSOLIDATED EDISON INC
ALNY,ALNYLAM PHARMACEUTICALS INC
HPQ,HP INC
XEL,XCEL ENERGY INC
DELL,DELL TECHNOLOGIES INC CLASS C
RMD,RESMED INC
KDP,KEURIG DR PEPPER INC
DOW,DOW INC
DD,DUPONT DE NEMOURS INC
EXR,EXTRA SPACE STORAGE REIT INC
NUE,NUCOR CORP
VICI,VICI PPTYS INC
OXY,OCCIDENTAL PETROLEUM CORP
FANG,DIAMONDBACK ENERGY INC
EFX,EQUIFAX INC
MTB,M&T BANK CORP
WAB,WESTINGHOUSE AIR BRAKE TECHNOLOGIE
HIG,HARTFORD FINANCIAL SERVICES GROUP
CNC,CENTENE CORP
AVB,AVALONBAY COMMUNITIES REIT INC
HUM,HUMANA INC
VEEV,VEEVA SYSTEMS INC CLASS A
EIX,EDISON INTERNATIONAL
GRMN,GARMIN LTD
AXON,AXON ENTERPRISE INC
ON,ON SEMICONDUCTOR CORP
EBAY,EBAY INC
XYL,XYLEM INC
NDAQ,NASDAQ INC
CHTR,CHARTER COMMUNICATIONS INC CLASS A
ARES,ARES MANAGEMENT CORP CLASS A
WEC,WEC ENERGY GROUP INC
CPNG,COUPANG INC CLASS A
FITB,FIFTH THIRD BANCORP
ROK,ROCKWELL AUTOMATION INC
WTW,WILLIS TOWERS WATSON PLC
TEAM,ATLASSIAN CORP CLASS A
KHC,KRAFT HEINZ
CSGP,COSTAR GROUP INC
PPG,PPG INDUSTRIES INC
TSCO,TRACTOR SUPPLY
DXCM,DEXCOM INC
ETR,ENTERGY CORP
ANSS,ANSYS INC
TTWO,TAKE TWO INTERACTIVE SOFTWARE INC
EQR,EQUITY RESIDENTIAL REIT
RJF,RAYMOND JAMES INC
STT,STATE STREET CORP
MTD,METTLER TOLEDO INC
HUBS,HUBSPOT INC
NET,CLOUDFLARE INC CLASS A
PHM,PULTEGROUP INC
VTR,VENTAS REIT INC
UAL,UNITED AIRLINES HOLDINGS INC
BIIB,BIOGEN INC
ADM,ARCHER DANIELS MIDLAND
AWK,AMERICAN WATER WORKS INC
KEYS,KEYSIGHT TECHNOLOGIES INC
DOV,DOVER CORP
GPN,GLOBAL PAYMENTS INC
HPE,HEWLETT PACKARD ENTERPRISE
NVR,NVR INC
CAH,CARDINAL HEALTH INC
TYL,TYLER TECHNOLOGIES INC
CDW,CDW CORP
SW,SMURFIT WESTROCK PLC
DTE,DTE ENERGY
DECK,DECKERS OUTDOOR CORP
IFF,INTERNATIONAL FLAVORS & FRAGRANCES
HSY,HERSHEY FOODS
VLTO,VERALTO CORP
BRO,BROWN & BROWN INC
FTV,FORTIVE CORP
LDOS,LEIDOS HOLDINGS INC
BR,BROADRIDGE FINANCIAL SOLUTIONS INC
TROW,T ROWE PRICE GROUP INC
CHD,CHURCH AND DWIGHT INC
SBAC,SBA COMMUNICATIONS REIT CORP CLASS
NTAP,NETAPP INC
HAL,HALLIBURTON
FE,FIRSTENERGY CORP
DVN,DEVON ENERGY CORP
PPL,PPL CORP
FCNCA,FIRST CITIZENS BANCSHARES INC CLAS
BAH,BOOZ ALLEN HAMILTON HOLDING CORP C
ILMN,ILLUMINA INC
HUBB,HUBBELL INC
WY,WEYERHAEUSER REIT
AEE,AMEREN CORP
ES,EVERSOURCE ENERGY
GDDY,GODADDY INC CLASS A
CPAY,CORPAY INC
WST,WEST PHARMACEUTICAL SERVICES INC
LYB,LYONDELLBASELL INDUSTRIES NV CLASS
HBAN,HUNTINGTON BANCSHARES INC
STE,STERIS
EQT,EQT CORP
CVNA,CARVANA CLASS A
ZBH,ZIMMER BIOMET HOLDINGS INC
CBOE,CBOE GLOBAL MARKETS INC
RF,REGIONS FINANCIAL CORP
PTC,PTC INC
SYF,SYNCHRONY FINANCIAL
RBLX,ROBLOX CORP CLASS A
WDC,WESTERN DIGITAL CORP
CINF,CINCINNATI FINANCIAL CORP
CCL,CARNIVAL CORP
USD,USD CASH
TPL,TEXAS PACIFIC LAND CORP
TDY,TELEDYNE TECHNOLOGIES INC
K,KELLANOVA
FSLR,FIRST SOLAR INC
CMS,CMS ENERGY CORP
BLDR,BUILDERS FIRSTSOURCE INC
ATO,ATMOS ENERGY CORP
PKG,PACKAGING CORP OF AMERICA
COO,COOPER INC
NTRS,NORTHERN TRUST CORP
EXPE,EXPEDIA GROUP INC
INVH,INVITATION HOMES INC
EXE,EXPAND ENERGY CORP
EME,EMCOR GROUP INC
MDB,MONGODB INC CLASS A
TRU,TRANSUNION
EL,ESTEE LAUDER INC CLASS A
MKL,MARKEL GROUP INC
LPLA,LPL FINANCIAL HOLDINGS INC
ARE,ALEXANDRIA REAL ESTATE EQUITIES RE
BALL,BALL CORP
ZM,ZOOM VIDEO COMMUNICATIONS INC CLAS
MKC,MCCORMICK & CO NON-VOTING INC
OMC,OMNICOM GROUP INC
PINS,PINTEREST INC CLASS A
LH,LABCORP HOLDINGS INC
STLD,STEEL DYNAMICS INC
CSL,CARLISLE COMPANIES INC
BBY,BEST BUY INC
ZBRA,ZEBRA TECHNOLOGIES CORP CLASS A
WAT,WATERS CORP
PFG,PRINCIPAL FINANCIAL GROUP INC
CLX,CLOROX
CFG,CITIZENS FINANCIAL GROUP INC
DRI,DARDEN RESTAURANTS INC
LII,LENNOX INTERNATIONAL INC
LUV,SOUTHWEST AIRLINES
ESS,ESSEX PROPERTY TRUST REIT INC
MOH,MOLINA HEALTHCARE INC
WBD,WARNER BROS. DISCOVERY INC SERIES
LVS,LAS VEGAS SANDS CORP
CNP,CENTERPOINT ENERGY INC
HOOD,ROBINHOOD MARKETS INC CLASS A
APTV,APTIV PLC
LYV,LIVE NATION ENTERTAINMENT INC
NRG,NRG ENERGY INC
HOLX,HOLOGIC INC
BAX,BAXTER INTERNATIONAL INC
CTRA,COTERRA ENERGY INC
ULTA,ULTA BEAUTY INC
MAA,MID AMERICA APARTMENT COMMUNITIES
J,JACOBS SOLUTIONS INC
MRNA,MODERNA INC
MAS,MASCO CORP
FDS,FACTSET RESEARCH SYSTEMS INC
DG,DOLLAR GENERAL CORP
SNA,SNAP ON INC
TER,TERADYNE INC
DGX,QUEST DIAGNOSTICS INC
ZS,ZSCALER INC
WRB,WR BERKLEY CORP
DKNG,DRAFTKINGS INC CLASS A
IP,INTERNATIONAL PAPER
AVY,AVERY DENNISON CORP
RS,RELIANCE STEEL & ALUMINUM
WSM,WILLIAMS SONOMA INC
EXPD,EXPEDITORS INTERNATIONAL OF WASHIN
FWONK,LIBERTY MEDIA FORMULA ONE CORP SER
RPM,RPM INTERNATIONAL INC
TSN,TYSON FOODS INC CLASS A
EG,EVEREST GROUP LTD
SUI,SUN COMMUNITIES REIT INC
IEX,IDEX CORP
PSTG,PURE STORAGE INC CLASS A
MANH,MANHATTAN ASSOCIATES INC
PNR,PENTAIR
BURL,BURLINGTON STORES INC
WSO,WATSCO INC
PODD,INSULET CORP
SMCI,SUPER MICRO COMPUTER INC
DT,DYNATRACE INC
RBA,RB GLOBAL INC
IBKR,INTERACTIVE BROKERS GROUP INC CLAS
GPC,GENUINE PARTS
AMCR,AMCOR PLC
KEY,KEYCORP
DOC,HEALTHPEAK PROPERTIES INC
ENTG,ENTEGRIS INC
ALGN,ALIGN TECHNOLOGY INC
FNF,FIDELITY NATIONAL FINANCIAL INC
NI,NISOURCE INC
HEIA,HEICO CORP CLASS A
NTNX,NUTANIX INC CLASS A
OC,OWENS CORNING
TXT,TEXTRON INC
KIM,KIMCO REALTY REIT CORP
UTHR,UNITED THERAPEUTICS CORP
GWRE,GUIDEWIRE SOFTWARE INC
TW,TRADEWEB MARKETS INC CLASS A
TOL,TOLL BROTHERS INC
XPO,XPO INC
AKAM,AKAMAI TECHNOLOGIES INC
EQH,EQUITABLE HOLDINGS INC
SSNC,SS AND C TECHNOLOGIES HOLDINGS INC
THC,TENET HEALTHCARE CORP
AVTR,AVANTOR INC
LNT,ALLIANT ENERGY CORP
JBHT,JB HUNT TRANSPORT SERVICES INC
RVTY,REVVITY INC
CASY,CASEYS GENERAL STORES INC
FTAI,FTAI AVIATION LTD
TRMB,TRIMBLE INC
VRSN,VERISIGN INC
CF,CF INDUSTRIES HOLDINGS INC
GEN,GEN DIGITAL INC
MRO,MARATHON OIL CORP
SWKS,SKYWORKS SOLUTIONS INC
NDSN,NORDSON CORP
DPZ,DOMINOS PIZZA INC
UDR,UDR REIT INC
ACM,AECOM
SWK,STANLEY BLACK & DECKER INC
DOCU,DOCUSIGN INC
L,LOEWS CORP
VTRS,VIATRIS INC
RGA,REINSURANCE GROUP OF AMERICA INC
CE,CELANESE CORP
NTRA,NATERA INC
FFIV,F5 INC
CAG,CONAGRA BRANDS INC
FIX,COMFORT SYSTEMS USA INC
USFD,US FOODS HOLDING CORP
EWBC,EAST WEST BANCORP INC
JBL,JABIL INC
RNR,RENAISSANCERE HOLDING LTD
JKHY,JACK HENRY AND ASSOCIATES INC
GGG,GRACO INC
GLPI,GAMING AND LEISURE PROPERTIES REIT
POOL,POOL CORP
EVRG,EVERGY INC
TOST,TOAST INC CLASS A
TTEK,TETRA TECH INC
CW,CURTISS WRIGHT CORP
TXRH,TEXAS ROADHOUSE INC
REG,REGENCY CENTERS REIT CORP
JLL,JONES LANG LASALLE INC
ROL,ROLLINS INC
SAIA,SAIA INC
DLTR,DOLLAR TREE INC
BXP,BXP INC
ELS,EQUITY LIFESTYLE PROPERTIES REIT I
JNPR,JUNIPER NETWORKS INC
CACI,CACI INTERNATIONAL INC CLASS A
EXAS,EXACT SCIENCES CORP
PFGC,PERFORMANCE FOOD GROUP
COHR,COHERENT CORP
CHRW,CH ROBINSON WORLDWIDE INC
PCVX,VAXCYTE INC
EMN,EASTMAN CHEMICAL
TWLO,TWILIO INC CLASS A
BMRN,BIOMARIN PHARMACEUTICAL INC
HST,HOST HOTELS & RESORTS REIT INC
BG,BUNGE GLOBAL SA
NVT,NVENT ELECTRIC PLC
WPC,W. P. CAREY REIT INC
NBIX,NEUROCRINE BIOSCIENCES INC
CPT,CAMDEN PROPERTY TRUST REIT
AMH,AMERICAN HOMES RENT REIT CLASS A
ALLE,ALLEGION PLC
ITT,ITT INC
TECH,BIO TECHNE CORP
SRPT,SAREPTA THERAPEUTICS INC
KMX,CARMAX INC
CLH,CLEAN HARBORS INC
UHS,UNIVERSAL HEALTH SERVICES INC CLAS
OKTA,OKTA INC CLASS A
INCY,INCYTE CORP
SOFI,SOFI TECHNOLOGIES INC
BWXT,BWX TECHNOLOGIES INC
SFM,SPROUTS FARMERS MARKET INC
LAMR,LAMAR ADVERTISING COMPANY CLAS
SJM,JM SMUCKER
AES,AES CORP
OWL,BLUE OWL CAPITAL INC CLASS A
BLD,TOPBUILD CORP
JEF,JEFFERIES FINANCIAL GROUP INC
TPR,TAPESTRY INC
DKS,DICKS SPORTING INC
FTI,TECHNIPFMC PLC
TFX,TELEFLEX INC
LW,LAMB WESTON HOLDINGS INC
CCK,CROWN HOLDINGS INC
IPG,INTERPUBLIC GROUP OF COMPANIES INC
BJ,BJS WHOLESALE CLUB HOLDINGS INC
ENPH,ENPHASE ENERGY INC
ALB,ALBEMARLE CORP
HEI,HEICO CORP
LECO,LINCOLN ELECTRIC HOLDINGS INC
DUOL,DUOLINGO INC CLASS A
ATR,APTARGROUP INC
RRX,REGAL REXNORD CORP
MKTX,MARKETAXESS HOLDINGS INC
INSM,INSMED INC
WMS,ADVANCED DRAINAGE SYSTEMS INC
CG,CARLYLE GROUP INC
SCI,SERVICE
AFRM,AFFIRM HOLDINGS INC CLASS A
RPRX,ROYALTY PHARMA PLC CLASS A
CUBE,CUBESMART REIT
EPAM,EPAM SYSTEMS INC
NWSA,NEWS CORP CLASS A
OVV,OVINTIV INC
UNM,UNUM
FND,FLOOR DECOR HOLDINGS INC CLASS A
CTLT,CATALENT INC
OHI,OMEGA HEALTHCARE INVESTORS REIT IN
ONTO,ONTO INNOVATION INC
CHDN,CHURCHILL DOWNS INC
WYNN,WYNN RESORTS LTD
EHC,ENCOMPASS HEALTH CORP
NCLH,NORWEGIAN CRUISE LINE HOLDINGS LTD
FBIN,FORTUNE BRANDS INNOVATIONS INC
DAY,DAYFORCE INC
AA,ALCOA CORP
HII,HUNTINGTON INGALLS INDUSTRIES INC
RGLD,ROYAL GOLD INC
SOLV,SOLVENTUM CORP
DOX,AMDOCS LTD
SF,STIFEL FINANCIAL CORP
CAVA,CAVA GROUP INC
AIZ,ASSURANT INC
WWD,WOODWARD INC
PNW,PINNACLE WEST CORP
ARMK,ARAMARK
ALSN,ALLISON TRANSMISSION HOLDINGS INC
WTRG,ESSENTIAL UTILITIES INC
LKQ,LKQ CORP
CNH,CNH INDUSTRIAL N.V. NV
PRI,PRIMERICA INC
FHN,FIRST HORIZON CORP
EXP,EAGLE MATERIALS INC
ALLY,ALLY FINANCIAL INC
FOXA,FOX CORP CLASS A
CIEN,CIENA CORP
ROKU,ROKU INC CLASS A
AYI,ACUITY BRANDS INC
TAP,MOLSON COORS BREWING CLASS B
GNRC,GENERAC HOLDINGS INC
MLI,MUELLER INDUSTRIES INC
OLED,UNIVERSAL DISPLAY CORP
FRT,FEDERAL REALTY INVESTMENT TRUST RE
MTCH,MATCH GROUP INC
GL,GLOBE LIFE INC
AFG,AMERICAN FINANCIAL GROUP INC
NLY,ANNALY CAPITAL MANAGEMENT REIT INC
MGM,MGM RESORTS INTERNATIONAL
EVR,EVERCORE INC CLASS A
Z,ZILLOW GROUP INC CLASS C
SCCO,SOUTHERN COPPER CORP
REXR,REXFORD INDUSTRIAL REALTY REIT INC
HSIC,HENRY SCHEIN INC
AIT,APPLIED INDUSTRIAL TECHNOLOGIES IN
CRL,CHARLES RIVER LABORATORIES INTERNA
QGEN,QIAGEN NV
KBR,KBR INC
KNSL,KINSALE CAPITAL GROUP INC
EXEL,EXELIXIS INC
HAS,HASBRO INC
TKO,TKO GROUP HOLDINGS INC CLASS A
WBS,WEBSTER FINANCIAL CORP
PR,PERMIAN RESOURCES CORP CLASS A
NYT,NEW YORK TIMES CLASS A
AAL,AMERICAN AIRLINES GROUP INC
AOS,A O SMITH CORP
FYBR,FRONTIER COMMUNICATIONS PARENT INC
DCI,DONALDSON INC
FLR,FLUOR CORP
PAYC,PAYCOM SOFTWARE INC
LAD,LITHIA MOTORS INC CLASS A
HRL,HORMEL FOODS CORP
SNX,TD SYNNEX CORP
INGR,INGREDION INC
ITCI,INTRA CELLULAR THERAPIES INC
CZR,CAESARS ENTERTAINMENT INC
MORN,MORNINGSTAR INC
MOS,MOSAIC
WAL,WESTERN ALLIANCE
BRBR,BELLRING BRANDS INC
CPB,CAMPBELL SOUP
FN,FABRINET
LBRDK,LIBERTY BROADBAND CORP SERIES C
ORI,OLD REPUBLIC INTERNATIONAL CORP
X,US STEEL CORP
CMA,COMERICA INC
GME,GAMESTOP CORP CLASS A
CNM,CORE & MAIN INC CLASS A
ENSG,ENSIGN GROUP INC
APA,APA CORP
AXTA,AXALTA COATING SYSTEMS LTD
MUSA,MURPHY USA INC
GLOB,GLOBANT SA
DTM,DT MIDSTREAM INC
RIVN,RIVIAN AUTOMOTIVE INC CLASS A
VOYA,VOYA FINANCIAL INC
HLI,HOULIHAN LOKEY INC CLASS A
EGP,EASTGROUP PROPERTIES REIT INC
TTC,TORO
WING,WINGSTOP INC
GMED,GLOBUS MEDICAL INC CLASS A
NNN,NNN REIT INC
KNX,KNIGHT-SWIFT TRANSPORTATION HOLDIN
LNW,LIGHT WONDER INC
RBC,RBC BEARINGS INC
HRB,H&R BLOCK INC
BRX,BRIXMOR PROPERTY GROUP REIT INC
RL,RALPH LAUREN CORP CLASS A
FMC,FMC CORP
GPK,GRAPHIC PACKAGING HOLDING
CR,CRANE
OGE,OGE ENERGY CORP
AR,ANTERO RESOURCES CORP
BERY,BERRY GLOBAL GROUP INC
MEDP,MEDPACE HOLDINGS INC
PNFP,PINNACLE FINANCIAL PARTNERS INC
WTFC,WINTRUST FINANCIAL CORP
SKX,SKECHERS USA INC CLASS A
TPX,TEMPUR SEALY INTERNATIONAL INC
PCTY,PAYLOCITY HOLDING CORP
CHRD,CHORD ENERGY CORP
CFR,CULLEN FROST BANKERS INC
CHE,CHEMED CORP
SSD,SIMPSON MANUFACTURING INC
SMAR,SMARTSHEET INC CLASS A
ZION,ZIONS BANCORPORATION
BWA,BORGWARNER INC
SSB,SOUTHSTATE CORP
BFB,BROWN FORMAN CORP CLASS B
WCC,WESCO INTERNATIONAL INC
LNTH,LANTHEUS HOLDINGS INC
VFC,VF CORP
CART,MAPLEBEAR INC
SEIC,SEI INVESTMENTS
PEN,PENUMBRA INC
ADC,AGREE REALTY REIT CORP
CBSH,COMMERCE BANCSHARES INC
MIDD,MIDDLEBY CORP
AAON,AAON INC
APG,API GROUP CORP
ACI,ALBERTSONS COMPANY INC CLASS A
VNO,VORNADO REALTY TRUST REIT
MTZ,MASTEC INC
TREX,TREX INC
UFPI,UFP INDUSTRIES INC
RGEN,REPLIGEN CORP
BFAM,BRIGHT HORIZONS FAMILY SOLUTIONS I
RVMD,REVOLUTION MEDICINES INC
CRS,CARPENTER TECHNOLOGY CORP
HQY,HEALTHEQUITY INC
SAIC,SCIENCE APPLICATIONS INTERNATIONAL
COLD,AMERICOLD REALTY INC TRUST
RRC,RANGE RESOURCES CORP
VKTX,VIKING THERAPEUTICS INC
SN,SHARKNINJA INC
RHI,ROBERT HALF
SPXC,SPX TECHNOLOGIES INC
AGNC,AGNC INVESTMENT REIT CORP
GNTX,GENTEX CORP
S,SENTINELONE INC CLASS A
XP,XP CLASS A INC
ARW,ARROW ELECTRONICS INC
JXN,JACKSON FINANCIAL INC CLASS A
GXO,GXO LOGISTICS INC
LSCC,LATTICE SEMICONDUCTOR CORP
WSC,WILLSCOT HOLDINGS CORP CLASS A
FLS,FLOWSERVE CORP
WH,WYNDHAM HOTELS RESORTS INC
QRVO,QORVO INC
OSK,OSHKOSH CORP
DVA,DAVITA INC
WEX,WEX INC
ESAB,ESAB CORP
SNV,SYNOVUS FINANCIAL CORP
COKE,COCA COLA CONSOLIDATED INC
STAG,STAG INDUSTRIAL REIT INC
FCN,FTI CONSULTING INC
HLNE,HAMILTON LANE INC CLASS A
MHK,MOHAWK INDUSTRIES INC
ANF,ABERCROMBIE AND FITCH CLASS A
TMHC,TAYLOR MORRISON HOME CORP
JAZZ,JAZZ PHARMACEUTICALS PLC
BSY,BENTLEY SYSTEMS INC CLASS B
CVLT,COMMVAULT SYSTEMS INC
RYAN,RYAN SPECIALTY HOLDINGS INC CLASS
AZPN,ASPEN TECHNOLOGY INC
GKOS,GLAUKOS CORP
FR,FIRST INDUSTRIAL REALTY TRUST INC
H,HYATT HOTELS CORP CLASS A
CGNX,COGNEX CORP
PB,PROSPERITY BANCSHARES INC
UHALB,U HAUL NON VOTING SERIES N
EXLS,EXLSERVICE HOLDINGS INC
SIRI,SIRIUSXM HOLDINGS INC
SITE,SITEONE LANDSCAPE SUPPLY INC
G,GENPACT LTD
KEX,KIRBY CORP
RLI,RLI CORP
MAT,MATTEL INC
MKSI,MKS INSTRUMENTS INC
LUMN,LUMEN TECHNOLOGIES INC
ATI,ATI INC
ESNT,ESSENT GROUP LTD
IVZ,INVESCO LTD
R,RYDER SYSTEM INC
FAF,FIRST AMERICAN FINANCIAL CORP
CROX,CROCS INC
PLNT,PLANET FITNESS INC CLASS A
AZEK,AZEK COMPANY INC CLASS A
WBA,WALGREEN BOOTS ALLIANCE INC
BBWI,BATH AND BODY WORKS INC
PCOR,PROCORE TECHNOLOGIES INC
HR,HEALTHCARE REALTY TRUST INC CLASS
DINO,HF SINCLAIR CORP
MTG,MGIC INVESTMENT CORP
BPOP,POPULAR INC
MTH,MERITAGE CORP
VMI,VALMONT INDS INC
GTLB,GITLAB INC CLASS A
CMC,COMMERCIAL METALS
MOD,MODINE MANUFACTURING
CLF,CLEVELAND CLIFFS INC
ESTC,ELASTIC NV
MTSI,MACOM TECHNOLOGY SOLUTIONS INC
BRKR,BRUKER CORP
MTN,VAIL RESORTS INC
AXS,AXIS CAPITAL HOLDINGS LTD
BIO,BIO RAD LABORATORIES INC CLASS A
NOVT,NOVANTA INC
AWI,ARMSTRONG WORLD INDUSTRIES INC
MTDR,MATADOR RESOURCES
RHP,RYMAN HOSPITALITY PROPERTIES REIT
DAR,DARLING INGREDIENTS INC
GBCI,GLACIER BANCORP INC
STWD,STARWOOD PROPERTY TRUST REIT INC
BEN,FRANKLIN RESOURCES INC
DBX,DROPBOX INC CLASS A
ALTR,ALTAIR ENGINEERING INC CLASS A
HALO,HALOZYME THERAPEUTICS INC
ELAN,ELANCO ANIMAL HEALTH INC
LPX,LOUISIANA PACIFIC CORP
SPSC,SPS COMMERCE INC
BMI,BADGER METER INC
BECN,BEACON ROOFING SUPPLY INC
MASI,MASIMO CORP
AGCO,AGCO CORP
IONS,IONIS PHARMACEUTICALS INC
AMG,AFFILIATED MANAGERS GROUP INC
CRUS,CIRRUS LOGIC INC
LSTR,LANDSTAR SYSTEM INC
NOV,NOV INC
FRPT,FRESHPET INC
PARA,PARAMOUNT GLOBAL CLASS B
AUR,AURORA INNOVATION INC CLASS A
ESI,ELEMENT SOLUTIONS INC
ONB,OLD NATIONAL BANCORP
CWST,CASELLA WASTE SYSTEMS INC CLASS A
MSA,MSA SAFETY INC
COLB,COLUMBIA BANKING SYSTEM INC
VRNS,VARONIS SYSTEMS INC
CSWI,CSW INDUSTRIALS INC
U,UNITY SOFTWARE INC
LFUS,LITTELFUSE INC
ELF,ELF BEAUTY INC
TPG,TPG INC CLASS A
HRI,HERC HOLDINGS INC
LEA,LEAR CORP
CBT,CABOT CORP
TRNO,TERRENO REALTY REIT CORP
OLLI,OLLIES BARGAIN OUTLET HOLDINGS INC
ALK,ALASKA AIR GROUP INC
BILL,BILL HOLDINGS INC
BC,BRUNSWICK CORP
FOUR,SHIFT4 PAYMENTS INC CLASS A
SIGI,SELECTIVE INSURANCE GROUP INC
OMF,ONEMAIN HOLDINGS INC
COOP,MR COOPER GROUP INC
WFRD,WEATHERFORD INTERNATIONAL PLC
CYTK,CYTOKINETICS INC
INSP,INSPIRE MEDICAL SYSTEMS INC
KNF,KNIFE RIVER CORP
BPMC,BLUEPRINT MEDICINES CORP
MDU,MDU RESOURCES GROUP INC
SUM,SUMMIT MATERIALS INC CLASS A
EPRT,ESSENTIAL PROPERTIES REALTY TRUST
PATH,UIPATH INC CLASS A
NSIT,INSIGHT ENTERPRISES INC
LNC,LINCOLN NATIONAL CORP
MOGA,MOOG INC CLASS A
NFG,NATIONAL FUEL GAS
CFLT,CONFLUENT INC CLASS A
AVAV,AEROVIRONMENT INC
SRCL,STERICYCLE INC
WHR,WHIRLPOOL CORP
MMSI,MERIT MEDICAL SYSTEMS INC
BCC,BOISE CASCADE
ETSY,ETSY INC
LAZ,LAZARD INC
RITM,RITHM CAPITAL CORP
POST,POST HOLDINGS INC
NXST,NEXSTAR MEDIA GROUP INC
RMBS,RAMBUS INC
VNT,VONTIER CORP
CHX,CHAMPIONX CORP
HOMB,HOME BANCSHARES INC
MMS,MAXIMUS INC
PVH,PVH CORP
CELH,CELSIUS HOLDINGS INC
FOX,FOX CORP CLASS B
KRG,KITE REALTY GROUP TRUST REIT
ALTM,ARCADIUM LITHIUM PLC
VNOM,VIPER ENERGY INC CLASS A
THG,HANOVER INSURANCE GROUP INC
JHG,JANUS HENDERSON GROUP PLC
KBH,KB HOME
THO,THOR INDUSTRIES INC
GPI,GROUP AUTOMOTIVE INC
ST,SENSATA TECHNOLOGIES HOLDING PLC
AVT,AVNET INC
TKR,TIMKEN
HXL,HEXCEL CORP
KD,KYNDRYL HOLDINGS INC
ZWS,ZURN ELKAY WATER SOLUTIONS CORP
RDN,RADIAN GROUP INC
UMBF,UMB FINANCIAL CORP
DOCS,DOXIMITY INC CLASS A
WTS,WATTS WATER TECHNOLOGIES INC CLASS
UBSI,UNITED BANKSHARES INC
ZETA,ZETA GLOBAL HOLDINGS CORP CLASS A
GTLS,CHART INDUSTRIES INC
CNX,CNX RESOURCES CORP
FNB,FNB CORP
SEE,SEALED AIR
VVV,VALVOLINE INC
BCPC,BALCHEM CORP
ACIW,ACI WORLDWIDE INC
OLN,OLIN CORP
BYD,BOYD GAMING CORP
PSN,PARSONS CORP
SON,SONOCO PRODUCTS
UGI,UGI CORP
FIVE,FIVE BELOW INC
SKY,CHAMPION HOMES INC
SM,SM ENERGY
CRDO,CREDO TECHNOLOGY GROUP HOLDING LTD
BIPC,BROOKFIELD INFRASTRUCTURE CORP CLA
ROIV,ROIVANT SCIENCES LTD
RH,RH
AM,ANTERO MIDSTREAM CORP
MSFUT,CASH COLLATERAL MSFUT USD
MARA,MARA HOLDINGS INC
IDA,IDACORP INC
BDC,BELDEN INC
OZK,BANK OZK
APPF,APPFOLIO INC CLASS A
CIVI,CIVITAS RESOURCES INC
IBP,INSTALLED BUILDING PRODUCTS INC
SLM,SLM CORP
SLG,SL GREEN REALTY REIT CORP
RARE,ULTRAGENYX PHARMACEUTICAL INC
CRNX,CRINETICS PHARMACEUTICALS INC
FSS,FEDERAL SIGNAL CORP
TENB,TENABLE HOLDINGS INC
AL,AIR LEASE CORP CLASS A
CADE,CADENCE BANK
EXPO,EXPONENT INC
HCP,HASHICORP INC CLASS A
ACHC,ACADIA HEALTHCARE COMPANY INC
LYFT,LYFT INC CLASS A
POR,PORTLAND GENERAL ELECTRIC
PECO,PHILLIPS EDISON AND COMPANY INC
PIPR,PIPER SANDLER COMPANIES
KRC,KILROY REALTY REIT CORP
QTWO,Q2 HOLDINGS INC
STRL,STERLING INFRASTRUCTURE INC
CCCS,CCC INTELLIGENT SOLUTIONS HOLDINGS
FFIN,FIRST FINANCIAL BANKSHARES INC
SWX,SOUTHWEST GAS HOLDINGS INC
ABG,ASBURY AUTOMOTIVE GROUP INC
GATX,GATX CORP
AGO,ASSURED GUARANTY LTD
EAT,BRINKER INTERNATIONAL INC
HWC,HANCOCK WHITNEY CORP
MATX,MATSON INC
LINE,LINEAGE INC
LITE,LUMENTUM HOLDINGS INC
RNA,AVIDITY BIOSCIENCES INC
DY,DYCOM INDUSTRIES INC
CUZ,COUSINS PROPERTIES REIT INC
MGY,MAGNOLIA OIL GAS CORP CLASS A
SBRA,SABRA HEALTH CARE REIT INC
XRAY,DENTSPLY SIRONA INC
NXT,NEXTRACKER INC CLASS A
ITRI,ITRON INC
OGN,ORGANON
NJR,NEW JERSEY RESOURCES CORP
ACA,ARCOSA INC
EEFT,EURONET WORLDWIDE INC
BCO,BRINKS
QLYS,QUALYS INC
WLK,WESTLAKE CORP
BOX,BOX INC CLASS A
CTRE,CARETRUST REIT INC
PRMW,PRIMO WATER CORP
MUR,MURPHY OIL CORP
ASH,ASHLAND INC
RYN,RAYONIER REIT INC
WTM,WHITE MOUNTAINS INSURANCE GROUP LT
ITGR,INTEGER HOLDINGS CORP
MSGS,MADISON SQUARE GARDEN SPORTS CORP
FTDR,FRONTDOOR INC
NE,NOBLE CORPORATION PLC
PI,IMPINJ INC
KRYS,KRYSTAL BIOTECH INC
RDNT,RADNET INC
VRRM,VERRA MOBILITY CORP CLASS A
SHAK,SHAKE SHACK INC CLASS A
SLGN,SILGAN HOLDINGS INC
CWAN,CLEARWATER ANALYTICS HOLDINGS INC
SFBS,SERVISFIRST BANCSHARES INC
IRT,INDEPENDENCE REALTY INC TRUST
GAP,GAP INC
M,MACYS INC
DLB,DOLBY LABORATORIES INC CLASS A
FELE,FRANKLIN ELECTRIC INC
ASGN,ASGN INC
HL,HECLA MINING
ENS,ENERSYS
FUL,HB FULLER
ALKS,ALKERMES
AVNT,AVIENT CORP
KAI,KADANT INC
MHO,M I HOMES INC
ORA,ORMAT TECH INC
RKLB,ROCKET LAB USA INC CLASS A
HASI,HA SUSTAINABLE INFRASTRUCTURE CAPI
LOPE,GRAND CANYON EDUCATION INC
MAC,MACERICH REIT
ADMA,ADMA BIOLOGICS INC
AN,AUTONATION INC
SKYW,SKYWEST INC
PLXS,PLEXUS CORP
FLO,FLOWERS FOODS INC
VLY,VALLEY NATIONAL
SIG,SIGNET JEWELERS LTD
KTB,KONTOOR BRANDS INC
MC,MOELIS CLASS A
CORT,CORCEPT THERAPEUTICS INC
STEP,STEPSTONE GROUP INC CLASS A
SPR,SPIRIT AEROSYSTEMS INC CLASS A
BEPC,BROOKFIELD RENEWABLE SUBORDINATE V
WD,WALKER & DUNLOP INC
CHH,CHOICE HOTELS INTERNATIONAL INC
GTES,GATES INDUSTRIAL PLC
PII,POLARIS INC
W,WAYFAIR INC CLASS A
WK,WORKIVA INC CLASS A
KMPR,KEMPER CORP
LRN,STRIDE INC
BKH,BLACK HILLS CORP
ICUI,ICU MEDICAL INC
RXO,RXO INC
TPH,TRI POINTE HOMES INC
OGS,ONE GAS INC
IAC,IAC INC
BOOT,BOOT BARN HOLDINGS INC
CALM,CAL MAINE FOODS INC
OPCH,OPTION CARE HEALTH INC
ASO,ACADEMY SPORTS AND OUTDOORS INC
AEIS,ADVANCED ENERGY INDUSTRIES INC
NWL,NEWELL BRANDS INC
UPST,UPSTART HOLDINGS INC
FCFS,FIRSTCASH HOLDINGS INC
PRCT,PROCEPT BIOROBOTICS CORP
AX,AXOS FINANCIAL INC
IIPR,INNOVATIVE INDUSTRIAL PROPERTIES I
HOG,HARLEY DAVIDSON INC
ESGR,ENSTAR GROUP LTD
GMS,GMS INC
ABCB,AMERIS BANCORP
CRC,CALIFORNIA RESOURCES CORP
MSM,MSC INDUSTRIAL INC CLASS A
FUN,SIX FLAGS ENTERTAINMENT CORP
SR,SPIRE INC
HUN,HUNTSMAN CORP
MWA,MUELLER WATER PRODUCTS INC SERIES
TCBI,TEXAS CAPITAL BANCSHARES INC
AMTM,AMENTUM HOLDINGS INC
SANM,SANMINA CORP
MDGL,MADRIGAL PHARMACEUTICALS INC
KFY,KORN FERRY
PBH,PRESTIGE CONSUMER HEALTHCARE INC
GFS,GLOBALFOUNDRIES INC
WHD,CACTUS INC CLASS A
DXC,DXC TECHNOLOGY
JBT,JOHN BEAN TECHNOLOGIES CORP
PRIM,PRIMORIS SERVICES CORP
IRDM,IRIDIUM COMMUNICATIONS INC
SKT,TANGER INC
CVCO,CAVCO INDUSTRIES INC
HAE,HAEMONETICS CORP
POWI,POWER INTEGRATIONS INC
EPR,EPR PROPERTIES REIT
BHVN,BIOHAVEN LTD
CNO,CNO FINANCIAL GROUP INC
IONQ,IONQ INC
WEN,WENDYS
CDP,COPT DEFENSE PROPERTIES
APLE,APPLE HOSPITALITY REIT INC
BROS,DUTCH BROS INC CLASS A
AEO,AMERICAN EAGLE OUTFITTERS INC
IDCC,INTERDIGITAL INC
KTOS,KRATOS DEFENSE AND SECURITY SOLUTI
TXNM,TXNM ENERGY INC
ALE,ALLETE INC
CBZ,CBIZ INC
HIMS,HIMS HERS HEALTH INC CLASS A
SITM,SITIME CORP
SMG,SCOTTS MIRACLE GRO
ASB,ASSOCIATED BANCORP
WDFC,WD-40
LBTYK,LIBERTY GLOBAL LTD CLASS C
ACLX,ARCELLX INC
CCOI,COGENT COMMUNICATIONS HOLDINGS INC
ABM,ABM INDUSTRIES INC
NEU,NEWMARKET CORP
PRGO,PERRIGO PLC
SG,SWEETGREEN INC CLASS A
ROAD,CONSTRUCTION PARTNERS INC CLASS A
LANC,LANCASTER COLONY CORP
SLAB,SILICON LABORATORIES INC
TNL,TRAVEL LEISURE
FOLD,AMICUS THERAPEUTICS INC
HIW,HIGHWOODS PROPERTIES REIT INC
GLNG,GOLAR LNG LTD
IBOC,INTERNATIONAL BANCSHARES CORP
TEX,TEREX CORP
HP,HELMERICH & PAYNE INC
NWS,NEWS CORP CLASS B
BBIO,BRIDGEBIO PHARMA INC
PCH,POTLATCHDELTIC CORP
GVA,GRANITE CONSTRUCTION INC
AUB,ATLANTIC UNION BANKSHARES CORP
RUSHA,RUSH ENTERPRISES INC CLASS A
DNB,DUN BRADST HLDG INC
AXNX,AXONICS INC
HCC,WARRIOR MET COAL INC
OSCR,OSCAR HEALTH INC CLASS A
PEGA,PEGASYSTEMS INC
TGTX,TG THERAPEUTICS INC
PENN,PENN ENTERTAINMENT INC
NPO,ENPRO INC
ENV,ENVESTNET INC
FORM,FORMFACTOR INC
NHI,NATIONAL HEALTH INVESTORS REIT INC
AXSM,AXSOME THERAPEUTICS INC
CNK,CINEMARK HOLDINGS INC
CEIX,CONSOL ENERGY INC
NOG,NORTHERN OIL AND GAS INC
FHB,FIRST HAWAIIAN INC
BXMT,BLACKSTONE MORTGAGE TRUST REIT CLA
LBTYA,LIBERTY GLOBAL LTD CLASS A
SXT,SENSIENT TECHNOLOGIES CORP
ZI,ZOOMINFO TECHNOLOGIES INC
ATMU,ATMUS FILTRATION TECHNOLOGIES INC
SEM,SELECT MEDICAL HOLDINGS CORP
SHOO,STEVEN MADDEN LTD
ATGE,ADTALEM GLOBAL EDUCATION INC
NMIH,NMI HOLDINGS INC
RNG,RINGCENTRAL INC CLASS A
DNLI,DENALI THERAPEUTICS INC
PJT,PJT PARTNERS INC CLASS A
CBU,COMMUNITY FINANCIAL SYSTEM INC
STNE,STONECO LTD CLASS A
DORM,DORMAN PRODUCTS INC
ESE,ESCO TECHNOLOGIES INC
MGEE,MGE ENERGY INC
NUVL,NUVALENT INC CLASS A
AROC,ARCHROCK INC
ATKR,ATKORE INC
TDC,TERADATA CORP
BHF,BRIGHTHOUSE FINANCIAL INC
BNL,BROADSTONE NET LEASE INC
CACC,CREDIT ACCEPTANCE CORP
AWR,AMERICAN STATES WATER
BLKB,BLACKBAUD INC
FBP,FIRST BANCORP
AMED,AMEDISYS INC
NWE,NORTHWESTERN ENERGY GROUP INC
OTTR,OTTER TAIL CORP
BL,BLACKLINE INC
PK,PARK HOTELS RESORTS INC
PBF,PBF ENERGY INC CLASS A
NEOG,NEOGEN CORP
NVST,ENVISTA HOLDINGS CORP
ICFI,ICF INTERNATIONAL INC
MIR,MIRION TECHNOLOGIES INC CLASS A
PTEN,PATTERSON UTI ENERGY INC
BGC,BGC GROUP INC CLASS A
VCYT,VERACYTE INC
CATY,CATHAY GENERAL BANCORP
YOU,CLEAR SECURE INC CLASS A
TDS,TELEPHONE AND DATA SYSTEMS INC
UEC,URANIUM ENERGY CORP
CARG,CARGURUS INC CLASS A
PAG,PENSKE AUTOMOTIVE GROUP VOTING INC
ALIT,ALIGHT INC CLASS A
YETI,YETI HOLDINGS INC
EBC,EASTERN BANKSHARES INC
PTCT,PTC THERAPEUTICS INC
DEI,DOUGLAS EMMETT REIT INC
CLVT,CLARIVATE PLC
CNS,COHEN & STEERS INC
LCII,LCI INDUSTRIES
SLVM,SYLVAMO CORP
GNW,GENWORTH FINANCIAL INC
MQ,MARQETA INC CLASS A
SMTC,SEMTECH CORP
ACLS,AXCELIS TECHNOLOGIES INC
SFNC,SIMMONS FIRST NATIONAL CORP CLASS
CWT,CALIFORNIA WATER SERVICE GROUP
SATS,ECHOSTAR CORP CLASS A
FULT,FULTON FINANCIAL CORP
PATK,PATRICK INDUSTRIES INC
WSFS,WSFS FINANCIAL CORP
ASTS,AST SPACEMOBILE INC CLASS A
VAC,MARRIOTT VACATIONS WORLDWIDE CORP
NSA,NATIONAL STORAGE AFFILIATES TRUST
NCNO,NCINO INC
TDW,TIDEWATER INC
WU,WESTERN UNION
AMKR,AMKOR TECHNOLOGY INC
SMPL,THE SIMPLY GOOD FOODS COMPANY
CRVL,CORVEL CORP
HGV,HILTON GRAND VACATIONS INC
BWIN,BALDWIN INSURANCE GROUP INC CLASS
RIG,TRANSOCEAN LTD
VAL,VALARIS LTD
HTLF,HEARTLAND FINANCIAL USA INC
REZI,RESIDEO TECHNOLOGIES INC
COLM,COLUMBIA SPORTSWEAR
NSP,INSPERITY INC
PRGS,PROGRESS SOFTWARE CORP
HUBG,HUB GROUP INC CLASS A
MAN,MANPOWER INC
UNF,UNIFIRST CORP
RUN,SUNRUN INC
COTY,COTY INC CLASS A
BTU,PEABODY ENERGY CORP
PTGX,PROTAGONIST THERAPEUTICS INC
RIOT,RIOT PLATFORMS INC
TGNA,TEGNA INC
AGIO,AGIOS PHARMACEUTICALS INC
FIBK,FIRST INTERSTATE BANCSYSTEM INC
SDRL,SEADRILL LTD
SYNA,SYNAPTICS INC
STNG,SCORPIO TANKERS INC
DIOD,DIODES INC
MPW,MEDICAL PROPERTIES TRUST REIT INC
BOH,BANK OF HAWAII CORP
CLSK,CLEANSPARK INC
HHH,HOWARD HUGHES HOLDINGS INC
ACVA,ACV AUCTIONS INC CLASS A
APLS,APELLIS PHARMACEUTICALS INC
INDB,INDEPENDENT BANK CORP
SPB,SPECTRUM BRANDS HOLDINGS INC
ALGM,ALLEGRO MICROSYSTEMS INC
BUR,BURFORD CAPITAL LTD
TNET,TRINET GROUP INCINARY
UCB,UNITED COMMUNITY BANKS INC
PLUS,EPLUS
SNEX,STONEX GROUP INC
ARCH,ARCH RESOURCES INC CLASS A
ZG,ZILLOW GROUP INC CLASS A
SAM,BOSTON BEER INC CLASS A
DOCN,DIGITALOCEAN HOLDINGS INC
POWL,POWELL INDUSTRIES INC
MGRC,MCGRATH RENT
TRN,TRINITY INDUSTRIES INC
TMDX,TRANSMEDICS GROUP INC
LLYVK,LIBERTY MEDIA LIBERTY LIVE CORP SE
IOSP,INNOSPEC INC
CDE,COEUR MINING INC
GHC,GRAHAM HOLDINGS COMPANY CLASS B
OUT,OUTFRONT MEDIA INC
BKU,BANKUNITED INC
IPGP,IPG PHOTONICS CORP
LIVN,LIVANOVA PLC
CPK,CHESAPEAKE UTILITIES CORP
GFF,GRIFFON CORP
LBRT,LIBERTY ENERGY INC CLASS A
LXP,LXP INDUSTRIAL TRUST
CXT,CRANE NXT
IOVA,IOVANCE BIOTHERAPEUTICS INC
CPRX,CATALYST PHARMACEUTICALS INC
CC,CHEMOURS
EVH,EVOLENT HEALTH INC CLASS A
NARI,INARI MEDICAL INC
VSTO,VISTA OUTDOOR INC
EPAC,ENERPAC TOOL GROUP CORP CLASS A
KLIC,KULICKE AND SOFFA INDUSTRIES INC
GSHD,GOOSEHEAD INSURANCE INC CLASS A
MP,MP MATERIALS CORP CLASS A
PFS,PROVIDENT FINANCIAL SERVICES INC
RELY,REMITLY GLOBAL INC
ASTH,ASTRANA HEALTH INC
AGR,AVANGRID INC
URBN,URBAN OUTFITTERS INC
EWTX,EDGEWISE THERAPEUTICS INC
GERN,GERON CORP
JJSF,J AND J SNACK FOODS CORP
RRR,RED ROCK RESORTS ORS CLASS A INC
UE,URBAN EDGE PROPERTIES
HBI,HANESBRANDS INC
PFSI,PENNYMAC FINANCIAL SERVICES INC
JWN,NORDSTROM INC
VIRT,VIRTU FINANCIAL INC CLASS A
AVA,AVISTA CORP
CVBF,CVB FINANCIAL CORP
DBRG,DIGITALBRIDGE GROUP INC CLASS A
GH,GUARDANT HEALTH INC
VCTR,VICTORY CAPITAL HOLDINGS CLASS A I
RYTM,RHYTHM PHARMACEUTICALS INC
APAM,ARTISAN PARTNERS ASSET MANAGEMENT
ALRM,ALARM.COM HOLDINGS INC
PINC,PREMIER INC CLASS A
BANF,BANCFIRST CORP
PTON,PELOTON INTERACTIVE CLASS A INC
ARCB,ARCBEST CORP
VC,VISTEON CORP
HWKN,HAWKINS INC
PSMT,PRICESMART INC
RKT,ROCKET COMPANIES INC CLASS A
BOKF,BOK FINANCIAL CORP
FLG,FLAGSTAR FINANCIAL INC
CORZ,CORE SCIENTIFIC INC
TWST,TWIST BIOSCIENCE CORP
BFH,BREAD FINANCIAL HOLDINGS INC
CCS,CENTURY COMMUNITIES INC
YELP,YELP INC
FRSH,FRESHWORKS INC CLASS A
HNI,HNI CORP
IDYA,IDEAYA BIOSCIENCES INC
BFA,BROWN FORMAN CORP CLASS A
ENVA,ENOVA INTERNATIONAL INC
SHC,SOTERA HEALTH COMPANY
CWEN,CLEARWAY ENERGY INC CLASS C
FFBC,FIRST FINANCIAL BANCORP
DV,DOUBLEVERIFY HOLDINGS INC
BANR,BANNER CORP
GRBK,GREEN BRICK PARTNERS INC
ENR,ENERGIZER HOLDINGS INC
HAYW,HAYWARD HOLDINGS INC
PRK,PARK NATIONAL CORP
NMRK,NEWMARK GROUP INC CLASS A
RPD,RAPID7 INC
AMR,ALPHA METALLURGICAL RESOURCE INC
DYN,DYNE THERAPEUTICS INC
IPAR,INTERPARFUMS INC
AKRO,AKERO THERAPEUTICS INC
LCID,LUCID GROUP INC
MBC,MASTERBRAND INC
OSIS,OSI SYSTEMS INC
FCPT,FOUR CORNERS PROPERTY INC TRUST
MTX,MINERALS TECHNOLOGIES INC
AKR,ACADIA REALTY TRUST REIT
AGYS,AGILYSYS INC
EVTC,EVERTEC INC
KYMR,KYMERA THERAPEUTICS INC
DRS,LEONARDO DRS INC
PAYO,PAYONEER GLOBAL INC
ZD,ZIFF DAVIS INC
ABR,ARBOR REALTY TRUST REIT INC
DJT,TRUMP MEDIA TECHNOLOGY GROUP CORP
VERX,VERTEX INC CLASS A
GT,GOODYEAR TIRE & RUBBER
OMCL,OMNICELL INC
VSCO,VICTORIA S SECRET
OII,OCEANEERING INTERNATIONAL INC
WERN,WERNER ENTERPRISES INC
AZTA,AZENTA INC
ARWR,ARROWHEAD PHARMACEUTICALS INC
LGIH,LGI HOMES INC
APGE,APOGEE THERAPEUTICS INC
IRTC,IRHYTHM TECHNOLOGIES INC
VIAV,VIAVI SOLUTIONS INC
PAR,PAR TECHNOLOGY CORP
COMP,COMPASS INC CLASS A
WNS,WNS HOLDINGS LTD
IGT,INTERNATIONAL GAME TECHNOLOGY PLC
AHR,AMERICAN HEALTHCARE REIT INC
CPRI,CAPRI HOLDINGS LTD
TBBK,BANCORP INC
ENOV,ENOVIS CORP
NATL,NCR ATLEOS CORP
SXI,STANDEX INTERNATIONAL CORP
SGRY,SURGERY PARTNERS INC
TRMK,TRUSTMARK CORP
CNXC,CONCENTRIX CORP
IESC,IES INC
PPBI,PACFIC PREMIER BANCORP INC
VYX,NCR VOYIX CORP
B,BARNES GROUP INC
WAFD,WAFD INC
BRZE,BRAZE INC CLASS A
SWTX,SPRINGWORKS THERAPEUTICS INC
FIVN,FIVE9 INC
MNKD,MANNKIND CORP
AIR,AAR CORP
INTA,INTAPP INC
SHO,SUNSTONE HOTEL INVESTORS REIT INC
AIN,ALBANY INTERNATIONAL CORP CLASS A
QDEL,QUIDELORTHO CORP
VSTS,VESTIS CORP
VSH,VISHAY INTERTECHNOLOGY INC
TOWN,TOWNEBANK
AI,C3 AI INC CLASS A
CURB,CURBLINE PROPERTIES
AAP,ADVANCE AUTO PARTS INC
IBTX,INDEPENDENT BANK GROUP INC
EXTR,EXTREME NETWORKS INC
KMT,KENNAMETAL INC
ADUS,ADDUS HOMECARE CORP
IVT,INVENTRUST PROPERTIES CORP
ADT,ADT INC
EQC,EQUITY COMMONWEALTH REIT
PHIN,PHINIA INC
RNST,RENASANT CORP
ROCK,GIBRALTAR INDUSTRIES INC
CRGY,CRESCENT ENERGY CLASS A
LAUR,LAUREATE EDUCATION INC
RCM,R1 RCM INC
AMBA,AMBARELLA INC
BIRK,BIRKENSTOCK HOLDING PLC
KSS,KOHLS CORP
KWR,QUAKER HOUGHTON CORP
CRI,CARTERS INC
FLYW,FLYWIRE CORP
PRVA,PRIVIA HEALTH GROUP INC
EPC,EDGEWELL PERSONAL CARE
HURN,HURON CONSULTING GROUP INC
SRRK,SCHOLAR ROCK HOLDING CORP
CAKE,CHEESECAKE FACTORY INC
CWK,CUSHMAN AND WAKEFIELD PLC
UFPT,UFP TECHNOLOGIES INC
FRME,FIRST MERCHANTS CORP
PLMR,PALOMAR HOLDINGS INC
BATRK,ATLANTA BRAVES HOLDINGS INC SERIES
PRKS,UNITED PARKS AND RESORTS INC
BCRX,BIOCRYST PHARMACEUTICALS INC
WSBC,WESBANCO INC
AMPH,AMPHASTAR PHARMACEUTICALS INC
JOBY,JOBY AVIATION INC CLASS A
NBTB,NBT BANCORP INC
AZZ,AZZ INC
TNDM,TANDEM DIABETES CARE INC
TRUP,TRUPANION INC
APOG,APOGEE ENTERPRISES INC
HI,HILLENBRAND INC
MTRN,MATERION CORP
TFIN,TRIUMPH FINANCIAL INC
VCEL,VERICEL CORP
BANC,BANC OF CALIFORNIA INC
CALX,CALIX NETWORKS INC
GEO,GEO GROUP REIT INC
FBK,FB FINANCIAL CORP
PRM,PERIMETER SOLUTIONS SA
ROG,ROGERS CORP
AGX,ARGAN INC
NTB,BANK OF NT BUTTERFIELD & SON LTD
BE,BLOOM ENERGY CLASS A CORP
QS,QUANTUMSCAPE CORP CLASS A
STRA,STRATEGIC EDUCATION INC
MYGN,MYRIAD GENETICS INC
JANX,JANUX THERAPEUTICS INC
CNMD,CONMED CORP
LBPH,LONGBOARD PHARMACEUTICALS INC
ACAD,ACADIA PHARMACEUTICALS INC
GBX,GREENBRIER INC
ADNT,ADIENT PLC
MCY,MERCURY GENERAL CORP
DRH,DIAMONDROCK HOSPITALITY REIT
EFSC,ENTERPRISE FINANCIAL SERVICES CORP
HLMN,HILLMAN SOLUTIONS CORP
OI,O I GLASS INC
LZB,LA-Z-BOY INC
TXG,10X GENOMICS INC CLASS A
PPC,PILGRIMS PRIDE CORP
SYBT,STOCK YARDS BANCORP INC
OCUL,OCULAR THERAPEUTIX INC
FWONA,LIBERTY MEDIA FORMULA ONE CORP SER
PD,PAGERDUTY INC
WOLF,WOLFSPEED INC
CABO,CABLE ONE INC
VSEC,VSE CORP
IMVT,IMMUNOVANT INC
THS,TREEHOUSE FOODS INC
AVPT,AVEPOINT INC CLASS A
LENB,LENNAR CORP CLASS B
BHE,BENCHMARK ELECTRONICS INC
MLKN,MILLERKNOLL INC
INFA,INFORMATICA INC CLASS A
ALKT,ALKAMI TECHNOLOGY INC
MSGE,MADISON SQUARE GARDEN ENTERTAINMEN
STC,STEWART INFO SERVICES CORP
BEAM,BEAM THERAPEUTICS INC
FL,FOOT LOCKER INC
OSW,ONESPAWORLD HOLDINGS LTD
CASH,PATHWARD FINANCIAL INC
TTMI,TTM TECHNOLOGIES INC
KNTK,KINETIK HOLDINGS INC CLASS A
KOS,KOSMOS ENERGY LTD
WKC,WORLD KINECT CORP
AGM,FEDERAL AGRICULTURAL MORTGAGE NON
MYRG,MYR GROUP INC
PRG,PROG HOLDINGS INC
SMR,NUSCALE POWER CORP CLASS A
CAR,AVIS BUDGET GROUP INC
INSW,INTERNATIONAL SEAWAYS INC
NEO,NEOGENOMICS INC
KAR,OPENLANE INC
WULF,TERAWULF INC
SBCF,SEACOAST BANKING OF FLORIDA
CGON,CG ONCOLOGY INC
PDCO,PATTERSON COMPANIES INC
KN,KNOWLES CORP
NVCR,NOVOCURE LTD
OFG,OFG BANCORP
SUPN,SUPERNUS PHARMACEUTICALS INC
SCL,STEPAN
VECO,VEECO INSTRUMENTS INC
JBLU,JETBLUE AIRWAYS CORP
XHR,XENIA HOTELS RESORTS REIT INC
ROIC,RETAIL OPPORTUNITY INVESTMENTS REI
ANDE,ANDERSONS INC
DVAX,DYNAVAX TECHNOLOGIES CORP
PACS,PACS GROUP INC
CHCO,CITY HOLDING
PZZA,PAPA JOHNS INTERNATIONAL INC
PRDO,PERDOCEO EDUCATION CORP
WGO,WINNEBAGO INDUSTRIES INC
TRIP,TRIPADVISOR INC
WVE,WAVE LIFE SCIENCES LTD
CENTA,CENTRAL GARDEN AND PET CLASS A
UPBD,UPBOUND GROUP INC
WRBY,WARBY PARKER INC CLASS A
AMWD,AMERICAN WOODMARK CORP
GNL,GLOBAL NET LEASE INC
HE,HAWAIIAN ELECTRIC INDUSTRIES INC
LEG,LEGGETT & PLATT INC
GOLF,ACUSHNET HOLDINGS CORP
JAMF,JAMF HOLDING CORP
JOE,ST JOE
CXW,CORECIVIC REIT INC
MRCY,MERCURY SYSTEMS INC
PEB,PEBBLEBROOK HOTEL TRUST REIT
CLDX,CELLDEX THERAPEUTICS INC
UAA,UNDER ARMOUR INC CLASS A
SMMT,SUMMIT THERAPEUTICS INC
TARS,TARSUS PHARMACEUTICALS INC
VERA,VERA THERAPEUTICS INC CLASS A
ALAB,ASTERA LABS INC
PAGS,PAGSEGURO DIGITAL LTD CLASS A
HEES,H AND E EQUIPMENT SERVICES INC
MGNI,MAGNITE INC
HTH,HILLTOP HOLDINGS INC
LGND,LIGAND PHARMACEUTICALS INC
STR,SITIO ROYALTIES CORP CLASS A
WLY,JOHN WILEY AND SONS INC CLASS A
LMAT,LEMAITRE VASCULAR INC
RLJ,RLJ LODGING TRUST REIT
SJW,SJW GROUP
BLBD,BLUE BIRD CORP
RAMP,LIVERAMP HOLDINGS INC
ZUO,ZUORA INC CLASS A
AVDX,AVIDXCHANGE HOLDINGS INC
GPOR,GULFPORT ENERGY CORP
SNDR,SCHNEIDER NATIONAL INC CLASS B
VRDN,VIRIDIAN THERAPEUTICS ORS INC
CTS,CTS CORP
NRIX,NURIX THERAPEUTICS INC
ATRC,ATRICURE INC
CODI,COMPASS DIVERSIFIED
ESRT,EMPIRE STATE REALTY REIT INC TRUST
LILAK,LIBERTY LATIN AMERICA LTD CLASS C
RXST,RXSIGHT INC
TROX,TRONOX HOLDINGS PLC
FOXF,FOX FACTORY HOLDING CORP
NHC,NATIONAL HEALTHCARE CORP
SONO,SONOS INC
TGLS,TECNOGLASS INC
TNC,TENNANT
UPWK,UPWORK INC
ALG,ALAMO GROUP INC
KROS,KEROS THERAPEUTICS INC
PLUG,PLUG POWER INC
UCTT,ULTRA CLEAN HOLDINGS INC
WT,WISDOMTREE INC
AMC,AMC ENTERTAINMENT HOLDINGS INC CLA
DFIN,DONNELLEY FINANCIAL SOLUTIONS INC
QCRH,QCR HOLDINGS INC
AMRX,AMNEAL PHARMACEUTICALS INC CLASS A
HELE,HELEN OF TROY LTD
JBGS,JBG SMITH PROPERTIES
SOUN,SOUNDHOUND AI INC CLASS A
UA,UNDER ARMOUR INC CLASS C
ELME,ELME
HMN,HORACE MANN EDUCATORS CORP
MIRM,MIRUM PHARMACEUTICALS INC
VRE,VERIS RESIDENTIAL INC
NGVT,INGEVITY CORP
GEF,GREIF INC CLASS A
NVAX,NOVAVAX INC
REVG,REV GROUP INC
ARVN,ARVINAS INC
ENVX,ENOVIX CORP
WABC,WESTAMERICA BANCORPORATION
NSSC,NAPCO SECURITY TECHNOLOGIES INC
REYN,REYNOLDS CONSUMER PRODUCTS INC
DDS,DILLARDS INC CLASS A
TDOC,TELADOC HEALTH INC
VRTS,VIRTUS INVESTMENT PARTNERS INC
BLMN,BLOOMIN BRANDS INC
FTRE,FORTREA HOLDINGS INC
LKFN,LAKELAND FINANCIAL CORP
CNA,CNA FINANCIAL CORP
VRNT,VERINT SYSTEMS INC
FCF,FIRST COMMONWEALTH FINANCIAL CORP
HUT,HUT CORP
PLAB,PHOTRONICS INC
ALEX,ALEXANDER AND BALDWIN INC
LTC,LTC PROPERTIES REIT INC
NAVI,NAVIENT CORP
HLIO,HELIOS TECHNOLOGIES INC
LTH,LIFE TIME GROUP HOLDINGS INC
AMN,AMN HEALTHCARE INC
GTY,GETTY REALTY REIT CORP
SKWD,SKYWARD SPECIALTY INSURANCE GROUP
STEL,STELLAR BANCORP INC
FBNC,FIRST BANCORP
IART,INTEGRA LIFESCIENCES HOLDINGS CORP
MFA,MFA FINANCIAL INC
LC,LENDINGCLUB CORP
PCT,PURECYCLE TECHNOLOGIES INC
SBH,SALLY BEAUTY HOLDINGS INC
SASR,SANDY SPRING BANCORP INC
CSGS,CSG SYSTEMS INTERNATIONAL INC
HLIT,HARMONIC INC
SFL,SFL LTD
STAA,STAAR SURGICAL
MODG,TOPGOLF CALLAWAY BRANDS CORP
NBHC,NATIONAL BANK HOLDINGS CORP CLASS
NNI,NELNET INC CLASS A
SPT,SPROUT SOCIAL INC CLASS A
SNDX,SYNDAX PHARMACEUTICALS INC
PLAY,DAVE AND BUSTERS ENTERTAINMENT INC
LNN,LINDSAY CORP
ARI,APOLLO COMMERCIAL REAL ESTATE FINA
RXRX,RECURSION PHARMACEUTICALS INC CLAS
TALO,TALOS ENERGY INC
USLM,UNITED STATES LIME AND MINERALS IN
INVA,INNOVIVA INC
APPN,APPIAN CORP CLASS A
WGS,GENEDX HOLDINGS CORP CLASS A
GO,GROCERY OUTLET HOLDING CORP
HOPE,HOPE BANCORP INC
INMD,INMODE LTD
COMM,COMMSCOPE HOLDING INC
DEA,EASTERLY GOVERNMENT PROPERTIES INC
AESI,ATLAS ENERGY SOLUTIONS INC
THRM,GENTHERM INC
INFN,INFINERA CORP
NWBI,NORTHWEST BANCSHARES INC
ADEA,ADEIA INC
BLX,BANCO LATINOAMERICANO DE COMERCIO
WWW,WOLVERINE WORLD WIDE INC
KW,KENNEDY WILSON HOLDINGS INC
NTCT,NETSCOUT SYSTEMS INC
SABR,SABRE CORP
TPC,TUTOR PERINI CORP
COCO,THE VITA COCO COMPANY INC
BUSE,FIRST BUSEY CORP
GIII,G III APPAREL GROUP LTD
AAT,AMERICAN ASSETS TRUST REIT INC
NWN,NORTHWEST NATURAL HOLDING COMPANY
NVEE,NV5 GLOBAL INC
AIV,APARTMENT INVESTMENT AND MANAGEMEN
CSTM,CONSTELLIUM SE CLASS A
NX,QUANEX BUILDING PRODUCTS CORP
XPRO,EXPRO GROUP HOLDINGS NV
UNIT,UNITI GROUP INC
PDM,PIEDMONT OFFICE REALTY TRUST REIT
OXM,OXFORD INDUSTRIES INC
CMPR,CIMPRESS PLC
LOB,LIVE OAK BANCSHARES INC
STBA,S AND T BANCORP INC
UVV,UNIVERSAL CORP
CRAI,CRA INTERNATIONAL INC
ELVN,ENLIVEN THERAPEUTICS INC
NIC,NICOLET BANKSHARES INC
LEU,CENTRUS ENERGY CORP CLASS A
SSRM,SSR MINING INC
NTLA,INTELLIA THERAPEUTICS INC
KALU,KAISER ALUMINIUM CORP
LBRDA,LIBERTY BROADBAND CORP SERIES A
CUBI,CUSTOMERS BANCORP INC
HLX,HELIX ENERGY SOLUTIONS GROUP INC
ARDX,ARDELYX INC
CSR,CENTERSPACE
FLNC,FLUENCE ENERGY INC CLASS A
SPNT,SIRIUSPOINT LTD
WAY,WAYSTAR HOLDING CORP
CAL,CALERES INC
PMT,PENNYMAC MORTGAGE INVESTMENT TRUST
VBTX,VERITEX HOLDINGS INC
PWP,PERELLA WEINBERG PARTNERS CLASS A
SLNO,SOLENO THERAPEUTICS INC
BHLB,BERKSHIRE HILLS BANCORP INC
CNNE,CANNAE HOLDINGS INC
DHT,DHT HOLDINGS INC
GOGL,GOLDEN OCEAN GROUP LTD
IMAX,IMAX CORP
MSEX,MIDDLESEX WATER
PGNY,PROGYNY INC
DNOW,DNOW INC
EVRI,EVERI HOLDINGS INC
SAFE,SAFEHOLD INC
ACMR,ACM RESEARCH CLASS A INC
LADR,LADDER CAPITAL CORP CLASS A
PRAX,PRAXIS PRECISION MEDICINES INC
CIM,CHIMERA INVESTMENT CORP
DBD,DIEBOLD NIXDORF INC
EIG,EMPLOYERS HOLDINGS INC
TCBK,TRICO BANCSHARES
VSAT,VIASAT INC
AVDL,AVADEL PHARMACEUTICALS ORD
RCKT,ROCKET PHARMACEUTICALS INC
VITL,VITAL FARMS INC
COLL,COLLEGIUM PHARMACEUTICAL INC
SYRE,SPYRE THERAPEUTICS INC
XNCR,XENCOR INC
ANIP,ANI PHARMACEUTICALS INC
BKD,BROOKDALE SENIOR LIVING INC
FBMS,FIRST BANCSHARES INC
BZH,BEAZER HOMES INC
JELD,JELD WEN HOLDING INC
SCS,STEELCASE INC CLASS A
APLD,APPLIED DIGITAL CORP
DK,DELEK US HOLDINGS INC
LFST,LIFESTANCE HEALTH GROUP INC
SBSI,SOUTHSIDE BANCSHARES INC
ARR,ARMOUR RESIDENTIAL REIT INC
TNK,TEEKAY TANKERS LTD CLASS A
WOR,WORTHINGTON ENTERPRISES INC
HROW,HARROW INC
FIZZ,NATIONAL BEVERAGE CORP
PEBO,PEOPLES BANCORP INC
DOLE,DOLE PLC
ECPG,ENCORE CAPITAL GROUP INC
SCSC,SCANSOURCE INC
WMK,WEIS MARKETS INC
WS,WORTHINGTON STEEL INC
CARS,CARS.COM INC
TVTX,TRAVERE THERAPEUTICS INC
WINA,WINMARK CORP
CHEF,CHEFS WAREHOUSE INC
COGT,COGENT BIOSCIENCES INC
MTTR,MATTERPORT INC CLASS A
SAFT,SAFETY INSURANCE GROUP INC
CDNA,CAREDX INC
DHC,DIVERSIFIED HEALTHCARE TRUST
KFRC,KFORCE INC
NMRA,NEUMORA THERAPEUTICS INC
UMH,UMH PROPERTIES INC
KLG,WK KELLOGG
BKE,BUCKLE INC
CERT,CERTARA INC
ACT,ENACT HOLDINGS INC
FBRT,FRANKLIN BSP REALTY TRUST INC
IE,IVANHOE ELECTRIC INC
SPHR,SPHERE ENTERTAINMENT CLASS A
UNFI,UNITED NATURAL FOODS INC
USPH,US PHYSICAL THERAPY INC
DCOM,DIME COMMUNITY BANCSHARES INC
MCRI,MONARCH CASINO AND RESORT INC
COHU,COHU INC
ASPN,ASPEN AEROGELS INC
CBRL,CRACKER BARREL OLD COUNTRY STORE I
MRC,MRC GLOBAL INC
DAN,DANA INCORPORATED INC
LMB,LIMBACH HOLDINGS INC
PNTG,PENNANT GROUP INC
APLT,APPLIED THERAPEUTICS INC
LLYVA,LIBERTY MEDIA LIBERTY LIVE CORP SE
TPB,TURNING POINT BRANDS INC
FA,FIRST ADVANTAGE CORP
KURA,KURA ONCOLOGY INC
TWO,TWO HARBORS INVESTMENT CORP
AORT,ARTIVION INC
FIHL,FIDELIS INSURANCE HOLDINGS LTD
IAS,INTEGRAL AD SCIENCE HOLDING CORP
OCFC,OCEANFIRST FINANCIAL CORP
SOC,SABLE OFFSHORE CORP CLASS A
CRK,COMSTOCK RESOURCES INC
LPG,DORIAN LPG LTD
ODP,ODP CORP
RDFN,REDFIN CORP
AUPH,AURINIA PHARMACEUTICALS INC
FIP,FTAI INFRASTRUCTURE INC
HCI,HCI GROUP INC
HOV,HOVNANIAN ENTERPRISES INC CLASS A
UI,UBIQUITI INC
IMKTA,INGLES MARKETS INC CLASS A
JACK,JACK IN THE BOX INC
XRX,XEROX HOLDINGS CORP
AS,AMER SPORTS INC
BFC,BANK FIRST CORP
MXL,MAXLINEAR INC
SDGR,SCHRODINGER INC
ATSG,AIR TRANSPORT SERVICES GROUP INC
FWRD,FORWARD AIR CORP
JBI,JANUS INTERNATIONAL GROUP INC
FMBH,FIRST MID BANCSHARES INC
RC,READY CAPITAL CORP
CENX,CENTURY ALUMINUM
NN,NEXTNAV INC
OPEN,OPENDOOR TECHNOLOGIES INC CLASS A
AMSF,AMERISAFE INC
CGEM,CULLINAN THERAPEUTICS INC
IBRX,IMMUNITYBIO INC
TRS,TRIMAS CORP
GABC,GERMAN AMERICAN BANCORP INC
ERII,ENERGY RECOVERY INC
KNSA,KINIKSA PHARMACEUTICALS INTERNATIO
QNST,QUINSTREET INC
XPEL,XPEL INC
DAWN,DAY ONE BIOPHARMACEUTICALS INC
NXRT,NEXPOINT RESIDENTIAL TRUST INC
TRML,TOURMALINE BIO INC
BDN,BRANDYWINE REALTY TRUST REIT
LZ,LEGALZOOM COM INC
MD,PEDIATRIX MEDICAL GROUP INC
SPNS,SAPIENS INTERNATIONAL
BORR,BORR DRILLING LTD
SAVA,CASSAVA SCIENCES INC
FDP,FRESH DEL MONTE PRODUCE INC
BBSI,BARRETT BUSINESS SERVICES INC
BXC,BLUELINX HOLDINGS INC
CNOB,CONNECTONE BANCORP INC
DGII,DIGI INTERNATIONAL INC
GBTG,GLOBAL BUSINESS TRAVEL GROUP INC C
NBN,NORTHEAST BANK
OMI,OWENS & MINOR INC
TRNS,TRANSCAT INC
ARRY,ARRAY TECHNOLOGIES INC
CFFN,CAPITOL FEDERAL FINANCIAL INC
TILE,INTERFACE INC
PYCR,PAYCOR HCM INC
VICR,VICOR CORP
BHRB,BURKE HERBERT FINANCIAL SERVICES T
PARR,PAR PACIFIC HOLDINGS INC
BRSP,BRIGHTSPIRE CAPITAL INC CLASS A
SEZL,SEZZLE INC
UTZ,UTZ BRANDS INC CLASS A
UUUU,ENERGY FUELS INC
NTST,NETSTREIT CORP
ACHR,ARCHER AVIATION INC CLASS A
HRMY,HARMONY BIOSCIENCES HLDG INC
DNUT,KRISPY KREME INC
SPRY,ARS PHARMACEUTICALS INC
CWH,CAMPING WORLD HOLDINGS INC CLASS A
CRGX,CARGO THERAPEUTICS INC
MEG,MONTROSE ENVIRONMENTAL GRP INC
RSI,RUSH STREET INTERACTIVE INC CLASS
SRCE,1ST SOURCE CORP
ORRF,ORRSTOWN FINANCIAL SERVICES INC
PRO,PROS HOLDINGS INC
RVLV,REVOLVE GROUP CLASS A INC
CDRE,CADRE HOLDINGS INC
COUR,COURSERA INC
DFH,DREAM FINDERS HOMES INC CLASS A
IDT,IDT CORP CLASS B
OEC,ORION SA
ALHC,ALIGNMENT HEALTHCARE INC
IRON,DISC MEDICINE INC
FIGS,FIGS INC CLASS A
LOAR,LOAR HOLDINGS INC
CIFR,CIPHER MINING INC
NG,NOVAGOLD RESOURCES INC
PLYM,PLYMOUTH INDUSTRIAL REIT INC
RWT,REDWOOD TRUST REIT INC
AMRC,AMERESCO INC CLASS A
ASAN,ASANA INC CLASS A
CBL,CBL ASSOCIATES PROPERTIES INC
DRVN,DRIVEN BRANDS HOLDINGS INC
FSLY,FASTLY INC CLASS A
WTTR,SELECT WATER SOLUTIONS INC CLASS A
CLB,CORE LABORATORIES INC
CMRE,COSTAMARE INC
EFC,ELLINGTON FINANCIAL INC
LGFB,LIONS GATE ENTERTAINMENT NON VOTIN
PGRE,PARAMOUNT GROUP REIT INC
UTI,UNIVERSAL TECHNICAL INSTITUTE INC
AVBP,ARRIVENT BIOPHARMA INC
DESP,DESPEGAR COM CORP
PHR,PHREESIA INC
BV,BRIGHTVIEW HOLDINGS INC
MNRO,MONRO INC
THR,THERMON GROUP HOLDINGS INC
TGI,TRIUMPH GROUP INC
ALGT,ALLEGIANT TRAVEL
EMBC,EMBECTA CORP
ARLO,ARLO TECHNOLOGIES INC
BLFS,BIOLIFE SOLUTIONS INC
BTSG,BRIGHTSPRING HEALTH SERVICES INC
LQDA,LIQUIDIA CORP
MCBS,METROCITY BANKSHARES INC
MRVI,MARAVAI LIFESCIENCES HOLDINGS INC
HAYN,HAYNES INTERNATIONAL INC
MMI,MARCUS & MILLICHAP INC
OBK,ORIGIN BANCORP INC
SHLS,SHOALS TECHNOLOGIES GROUP INC CLAS
CXM,SPRINKLR INC CLASS A
SXC,SUNCOKE ENERGY INC
ASIX,ADVANSIX INC
BJRI,BJS RESTAURANTS INC
BSIG,BRIGHTSPHERE INVESTMENT GROUP INC
CRMD,CORMEDIX INC
NVRI,ENVIRI CORP
WLFC,WILLIS LEASE FINANCE CORP
AVNS,AVANOS MEDICAL INC
HCSG,HEALTHCARE SERVICES GROUP INC
TREE,LENDINGTREE INC
NABL,N ABLE INC
PDFS,PDF SOLUTIONS INC
TMP,TOMPKINS FINANCIAL CORP
WNC,WABASH NATIONAL CORP
AOSL,ALPHA AND OMEGA SEMICONDUCTOR LTD
PFC,PREMIER FINANCIAL CORP
CTLP,CANTALOUPE INC
MRTN,MARTEN TRANSPORT LTD
PENG,PENGUIN SOLUTIONS INC
WSR,WHITESTONE REIT
ATEN,A10 NETWORKS INC
CPF,CENTRAL PACIFIC FINANCIAL CORP
STGW,STAGWELL INC CLASS A
TTGT,TECHTARGET INC
UWMC,UWM HOLDINGS CORP CLASS A
DX,DYNEX CAPITAL REIT INC
MGPI,MGP INGREDIENTS INC
AHCO,ADAPTHEALTH CORP
CWENA,CLEARWAY ENERGY INC CLASS A
MATV,MATIV HOLDINGS INC
RBCAA,REPUBLIC BANCORP INC CLASS A
VZIO,VIZIO HOLDING CORP CLASS A
MBUU,MALIBU BOATS CLASS A INC
SMBK,SMARTFINANCIAL INC
BLND,BLEND LABS INC CLASS A
PLRX,PLIANT THERAPEUTICS INC
AMSC,AMERICAN SUPERCONDUCTOR CORP
BELFB,BEL FUSE INC CLASS B
CLMB,CLIMB GLOBAL SOLUTIONS INC
CMCO,COLUMBUS MCKINNON CORP
FOR,FORESTAR GROUP INC
SEB,SEABOARD CORP
ARQT,ARCUTIS BIOTHERAPEUTICS INC
DLX,DELUXE CORP
HFWA,HERITAGE FINANCIAL CORP
EYE,NATIONAL VISION HOLDINGS INC
VTOL,BRISTOW GROUP INC
EGBN,EAGLE BANCORP INC
HONE,HARBORONE BANCORP INC
KGS,KODIAK GAS SERVICES INC
MBWM,MERCANTILE BANK CORP
VVX,V2X INC
CECO,CECO ENVIRONMENTAL CORP
CFB,CROSSFIRST BANKSHARES INC
EXPI,EXP WORLD HOLDINGS INC
ICHR,ICHOR HOLDINGS LTD
KELYA,KELLY SERVICES INC CLASS A
PFBC,PREFERRED BANK
REX,REX AMERICAN RESOURCES CORP
SBGI,SINCLAIR INC CLASS A
BRKL,BROOKLINE BANCORP INC
HAIN,HAIN CELESTIAL GROUP INC
MLR,MILLER INDUSTRIES INC
UVSP,UNIVEST FINANCIAL CORP
BY,BYLINE BANCORP INC
CTBI,COMMUNITY TRUST BANCORP INC
PLTK,PLAYTIKA HOLDING CORP
AMRK,A MARK PRECIOUS METALS INC
HSTM,HEALTHSTREAM INC
OSBC,OLD SECOND BANCORP INC
CNXN,PC CONNECTION INC
TFSL,TFS FINANCIAL CORP
PCRX,PACIRA BIOSCIENCES INC
SSTK,SHUTTERSTOCK INC
VTLE,VITAL ENERGY INC
ZIP,ZIPRECRUITER INC CLASS A
BVS,BIOVENTUS CLASS A INC
RYI,RYERSON HOLDING CORP
UTL,UNITIL CORP
HAFC,HANMI FINANCIAL CORP
KRRO,KORRO BIO INC
LMND,LEMONADE INC
PRLB,PROTO LABS INC
SITC,SITE CENTERS CORP
SWBI,SMITH WESSON BRANDS INC
SAH,SONIC AUTOMOTIVE INC CLASS A
DJCO,DAILY JOURNAL CORP
FG,F&G ANNUITIES AND LIFE INC
PRTA,PROTHENA PLC
SCVL,SHOE CARNIVAL INC
AAOI,APPLIED OPTOELECTRONICS INC
RCUS,ARCUS BIOSCIENCES INC
ASTE,ASTEC INDUSTRIES INC
EOLS,EVOLUS INC
HCKT,HACKETT GROUP INC
HLF,HERBALIFE LTD
LMNR,LIMONEIRA
NBBK,NB BANCORP INC
ZYME,ZYMEWORKS INC
NGNE,NEUROGENE INC
PRA,PROASSURANCE CORP
ABUS,ARBUTUS BIOPHARMA CORP
CVLG,COVENANT LOGISTICS GROUP INC CLASS
MDXG,MIMEDX GROUP INC
NECB,NORTHEAST COMMUNITY BANCORP INC
PRAA,PRA GROUP INC
SPTN,SPARTANNASH
VVI,VIAD CORP
VMEO,VIMEO INC
AQST,AQUESTIVE THERAPEUTICS INC
ASC,ARDMORE SHIPPING CORP
FCBC,FIRST COMMUNITY BANKSHARES INC
MBIN,MERCHANTS BANCORP
SHEN,SHENANDOAH TELECOMMUNICATIONS
AGL,AGILON HEALTH
CSTL,CASTLE BIOSCIENCES INC
CCB,COASTAL FINANCIAL CORP
HG,HAMILTON INSURANCE GROUP LTD CLASS
KREF,KKR REAL ESTATE FINANCE INC TRUST
AGS,PLAYAGS INC
UVE,UNIVERSAL INSURANCE HOLDINGS INC
XMTR,XOMETRY INC CLASS A
YEXT,YEXT INC
AKBA,AKEBIA THERAPEUTICS INC
GSAT,GLOBALSTAR VOTING INC
GRC,GORMAN-RUPP
NEXT,NEXTDECADE CORP
INN,SUMMIT HOTEL PROPERTIES REIT INC
WEAV,WEAVE COMMUNICATIONS INC
INOD,INNODATA INC
MATW,MATTHEWS INTERNATIONAL CORP CLASS
UDMY,UDEMY INC
DAKT,DAKTRONICS INC
ERAS,ERASCA INC
HTBI,HOMETRUST BANCSHARES INC
JBSS,JOHN B SANFILIPPO AND SON INC
MOFG,MIDWESTONE FINANCIAL GROUP INC
NTGR,NETGEAR INC
SIBN,SI BONE INC
GDYN,GRID DYNAMICS HOLDINGS INC CLASS A
KOP,KOPPERS HOLDINGS INC
MPB,MID PENN BANCORP INC
NWPX,NORTHWEST PIPE
SANA,SANA BIOTECHNOLOGY INC
BFST,BUSINESS FIRST BANCSHARES INC
CYH,COMMUNITY HEALTH SYSTEMS INC
DNTH,DIANTHUS THERAPEUTICS INC
ETD,ETHAN ALLEN INTERIORS INC
NR,NEWPARK RESOURCES INC
AXL,AMERICAN AXLE AND MANUFACTURING HO
ANNX,ANNEXON INC
FLNG,FLEX LNG LTD
FC,FRANKLIN COVEY
HSII,HEIDRICK AND STRUGGLES INTERNATION
MTAL,METALS ACQUISITION LTD
NCMI,NATIONAL CINEMEDIA INC
SCHL,SCHOLASTIC CORP
TRST,TRUSTCO BANK CORP
RDVT,RED VIOLET INC
SMP,STANDARD MOTOR PRODUCTS INC
EU,ENCORE ENERGY CORP
HBNC,HORIZON BANCORP INC
HPP,HUDSON PACIFIC PROPERTIES REIT INC
HY,HYSTER YALE INC CLASS A
IBCP,INDEPENDENT BANK CORP
PPTA,PERPETUA RESOURCES CORP
PUBM,PUBMATIC INC CLASS A
NAPA,DUCKHORN PORTFOLIO INC
EQBK,EQUITY BANCSHARES INC CLASS A
EVGO,EVGO INC CLASS A
RUSHB,RUSH ENTERPRISES INC CLASS B
UHAL,U HAUL HOLDING
AMAL,AMALGAMATED FINANCIAL
CDMO,AVID BIOSERVICES INC
PSFE,PAYSAFE LTD
CATX,PERSPECTIVE THERAPEUTICS INC
DMRC,DIGIMARC CORP
GLDD,GREAT LAKES DREDGE AND DOCK CORP
IMXI,INTERNATIONAL MONEY EXPRESS INC
NBR,NABORS INDUSTRIES LTD
NAT,NORDIC AMERICAN TANKERS LTD
PAX,PATRIA INVESTMENTS LTD CLASS A
AIOT,POWERFLEET INC
RGR,STURM RUGER INC
TALK,TALKSPACE INC
AMTB,AMERANT BANCORP INC CLASS A
BBW,BUILD A BEAR WORKSHOP INC
IMNM,IMMUNOME INC
IRWD,IRONWOOD PHARMA INC CLASS A
NPK,NATIONAL PRESTO INDUSTRIES INC
RPAY,REPAY HOLDINGS CORP CLASS A
SEI,SOLARIS OILFIELD INFRASTRUCTURE IN
BMBL,BUMBLE INC CLASS A
GDOT,GREEN DOT CORP CLASS A
NRIM,NORTHRIM BANCORP INC
PLSE,PULSE BIOSCIENCES INC
CMPO,COMPOSECURE INC CLASS A
ECVT,ECOVYST INC
HTBK,HERITAGE COMMERCE CORP
QTRX,QUANTERIX CORP
STKL,SUNOPTA INC
TK,TEEKAY CORPORATION CORP
AHH,ARMADA HOFFLER PROPERTIES REIT INC
ETWO,E2OPEN PARENT HOLDINGS INC CLASS A
HZO,MARINEMAX INC
ORIC,ORIC PHARMACEUTICALS INC
SEMR,SEMRUSH HOLDINGS INC CLASS A
ANAB,ANAPTYSBIO INC
ARCT,ARCTURUS THERAPEUTICS HOLDINGS INC
BAND,BANDWIDTH INC CLASS A
CCBG,CAPITAL CITY BANK INC
DSGR,DISTRIBUTION SOLUTIONS GROUP INC
DCO,DUCOMMUN INC
FUBO,FUBOTV INC
NFE,NEW FORTRESS ENERGY INC CLASS A
OSPN,ONESPAN INC
URG,UR ENERGY INC
VTS,VITESSE ENERGY INC
AMPL,AMPLITUDE INC CLASS A
BHB,BAR HARBOR BANKSHARES
LXU,LSB INDUSTRIES INC
MLAB,MESA LABORATORIES INC
PGC,PEAPACK GLADSTONE FINANCIAL CORP
PHAT,PHATHOM PHARMACEUTICALS INC
AXGN,AXOGEN INC
CAC,CAMDEN NATIONAL CORP
GDEN,GOLDEN ENTERTAINMENT INC
LENZ,LENZ THERAPEUTICS INC
CAPR,CAPRICOR THERAPEUTICS INC
GETY,GETTY IMAGES HOLDINGS INC CLASS A
MAX,MEDIAALPHA INC CLASS A
MSBI,MIDLAND STATES BANCORP INC
SMBC,SOUTHERN MISSOURI BANCORP INC
ZVRA,ZEVRA THERAPEUTICS INC
ALT,ALTIMMUNE INC
AMBP,ARDAGH METAL PACKAGING SA
BCML,BAYCOM CORP
CMCL,CALEDONIA MINING PLC
CARE,CARTER BANKSHARES INC
BASE,COUCHBASE INC
GOOD,GLADSTONE COMMERCIAL REIT CORP
PFIS,PEOPLES FINANCIAL SERVICES CORP
PFMT,PERFORMANT FINANCIAL CORP
SNCY,SUN COUNTRY AIRLINES HOLDINGS INC
EVER,EVERQUOTE INC CLASS A
LINC,LINCOLN EDUCATIONAL SERVICES CORP
OPK,OPKO HEALTH INC
SVRA,SAVARA INC
SWI,SOLARWINDS CORP
LAB,STANDARD BIOTOOLS INC
TTI,TETRA TECHNOLOGIES INC
VIR,VIR BIOTECHNOLOGY INC
CMTG,CLAROS MORTGAGE TRUST INC
CNDT,CONDUENT INC
ESQ,ESQUIRE FINANCIAL HOLDINGS INC
GCI,GANNETT CO INC
GCT,GIGACLOUD TECHNOLOGY INC CLASS A
IBTA,IBOTTA INC CLASS A
THRD,THIRD HARMONIC BIO INC
USAP,UNIVERSAL STAINLESS AND ALLOY PROD
AMBC,AMBAC FINANCIAL GROUP INC
CLBK,COLUMBIA FINANCIAL INC
DEC,DIVERSIFIED ENERGY COMPANY PLC
FMNB,FARMERS NATIONAL BANC CORP
GCMG,GCM GROSVENOR INC CLASS A
GSBC,GREAT SOUTHERN BANCORP INC
ITIC,INVESTORS TITLE
KRUS,KURA SUSHI USA INC
HNST,THE HONEST COMPANY INC
VEL,VELOCITY FINANCIAL INC
ADPT,ADAPTIVE BIOTECHNOLOGIES CORP
ANIK,ANIKA THERAPEUTICS INC
GLRE,GREENLIGHT CAPITAL LTD CLASS A
LYTS,LSI INDUSTRIES INC
OFIX,ORTHOFIX MEDICAL INC
SGHC,SUPER GROUP LTD
EGY,VAALCO ENERGY INC
ACEL,ACCEL ENTERTAINMENT INC CLASS A
CCO,CLEAR CHANNEL OUTDOOR HOLDINGS INC
FRPH,FRP HOLDINGS INC
LPRO,OPEN LENDING CORP
NOVA,SUNNOVA ENERGY INTERNATIONAL INC
AROW,ARROW FINANCIAL CORP
BGS,B AND G FOODS INC
CASS,CASS INFORMATION SYSTEMS INC
FBIZ,FIRST BUSINESS FINANCIAL SERVICES
FSBW,FS BANCORP INC
IRMD,IRADIMED CORP
LQDT,LIQUIDITY SERVICES INC
NFBK,NORTHFIELD BANCORP INC
PACB,PACIFIC BIOSCIENCES OF CALIFORNIA
QTTB,Q32 BIO INC
SVC,SERVICE PROPERTIES TRUST
HEAR,TURTLE BEACH CORP
ABSI,ABSCI CORP
LIF,LIFE360 INC
MTUS,METALLUS INC
OBT,ORANGE COUNTY BANCORP INC
PUMP,PROPETRO HOLDING CORP
SRDX,SURMODICS INC
TRUE,TRUECAR INC
ULH,UNIVERSAL LOGISTICS INC
ACTG,ACACIA RESEARCH CORP
ARKO,ARKO
BALY,BALLY S CORP
LOCO,EL POLLO LOCO INC
INBK,FIRST INTERNET BANCORP
INVX,INNOVEX INTERNATIONAL INC
LRMR,LARIMAR THERAPEUTICS INC
REAX,REAL BROKERAGE INC
ATRO,ASTRONICS CORP
DIN,DINE BRANDS GLOBAL INC
DXPE,DXP ENTERPRISES INC
GNK,GENCO SHIPPING AND TRADING LTD
HBCP,HOME BANCORP INC
IIIV,I3 VERTICALS INC CLASS A
LASR,NLIGHT INC
PGY,PAGAYA TECHNOLOGIES LTD CLASS A
CCRN,CROSS COUNTRY HEALTHCARE INC
ACCO,ACCO BRANDS CORP
ADCT,ADC THERAPEUTICS SA
CEVA,CEVA INC
PTLO,PORTILLO S INC CLASS A
ATXS,ASTRIA THERAPEUTICS INC
CTKB,CYTEK BIOSCIENCES INC
ESPR,ESPERION THERAPEUTICS INC
MCB,METROPOLITAN BANK HOLDING CORP
NYMT,NEW YORK MORTGAGE TRUST REIT INC
OLMA,OLEMA PHARMACEUTICALS INC
TRC,TEJON RANCH
CWBC,COMMUNITY WEST BANCSHARES
FRBA,FIRST BANK
GEFB,GREIF INC CLASS B
MLNK,MERIDIANLINK INC
YMAB,Y MABS THERAPEUTICS INC
ACNB,ACNB CORP
BATRA,ATLANTA BRAVES HOLDINGS INC SERIES
EBF,ENNIS INC
MCW,MISTER CAR WASH INC
OLO,OLO INC CLASS A
TIPT,TIPTREE INC
USNA,USANA HEALTH SCIENCES INC
GHM,GRAHAM CORP
HYLN,HYLIION HOLDINGS CORP CLASS A
ODC,OIL DRI CORPORATION OF AMERICA
RVNC,REVANCE THERAPEUTICS INC
CCNE,CNB FINANCIAL CORP
CTO,CTO REALTY GROWTH INC
EBTC,ENTERPRISE BANCORP INC
HTLD,HEARTLAND EXPRESS INC
GLUE,MONTE ROSA THERAPEUTICS INC
RYAM,RAYONIER ADVANCED MATERIALS INC
RICK,RCI HOSPITALITY HOLDINGS INC
SENEA,SENECA FOODS CORP CLASS A
TBPH,THERAVANCE BIOPHARMA INC
TRTX,TPG RE FINANCE TRUST INC
UIS,UNISYS CORP
UHT,UNIVERSAL HEALTH REALTY INCOME TRU
VREX,VAREX IMAGING CORP
ETNB,89BIO INC
ALX,ALEXANDERS REIT INC
BBUC,BROOKFIELD BUSINESS CORP CLASS A
BCAL,CALIFORNIA BANCORP
CON,CONCENTRA GROUP HOLDINGS PARENT IN
CVI,CVR ENERGY INC
TRDA,ENTRADA THERAPEUTICS INC
EYPT,EYEPOINT PHARMACEUTICALS INC
GRNT,GRANITE RIDGE RESOURCES INC
TSHA,TAYSHA GENE THERAPIES INC
CSV,CARRIAGE SERVICES INC
TWKS,THOUGHTWORKS HOLDING INC
WTBA,WEST BANCORPORATION INC
PLOW,DOUGLAS DYNAMICS INC
HUMA,HUMACYTE INC
JMSB,JOHN MARSHALL BANCORP INC
BFS,SAUL CENTERS REIT INC
WASH,WASHINGTON TRUST BANCORP INC
CELC,CELCUITY INC
CCSI,CONSENSUS CLOUD SOLUTIONS INC
GTN,GRAY TELEVISION INC
AVO,MISSION PRODUCE INC
OLP,ONE LIBERTY PROPERTIES REIT INC
REPL,REPLIMUNE GROUP INC
MCS,THE MARCUS CORP
CLFD,CLEARFIELD INC
FDBC,FIDELITY D AND D BANCORP INC
FSBC,FIVE STAR BANCORP
FFIC,FLUSHING FINANCIAL CORP
LAND,GLADSTONE LAND REIT CORP
HIFS,HINGHAM INSTITUTION FOR SAVINGS
INST,INSTRUCTURE HOLDINGS INC
MNMD,MIND MEDICINE SUBORDINATE VOTING I
SPFI,SOUTH PLAINS FINANCIAL INC
URGN,UROGEN PHARMA LTD
WSBF,WATERSTONE FINANCIAL INC
ZIMV,ZIMVIE INC
ADV,ADVANTAGE SOLUTIONS INC CLASS A
CIVB,CIVISTA BANCSHARES INC
EVCM,EVERCOMMERCE INC
THFF,FIRST FINANCIAL CORPORATION INDIAN
PTVE,PACTIV EVERGREEN INC
ROOT,ROOT INC CLASS A
ATEC,ALPHATEC HOLDNGS INC
BWB,BRIDGEWATER BANCSHARES INC
FMAO,FARMERS AND MERCHANTS BANCORP INC
HIPO,HIPPO HOLDINGS INC
MBCN,MIDDLEFIELD BANC CORP
RES,RPC INC
SLP,SIMULATIONS PLUS INC
ADTN,ADTRAN HOLDINGS INC
HOUS,ANYWHERE REAL ESTATE INC
CLNE,CLEAN ENERGY FUELS CORP
CLW,CLEARWATER PAPER CORP
INDI,INDIE SEMICONDUCTOR INC CLASS A
LESL,LESLIES INC
LIND,LINDBLAD EXPEDITIONS HOLDINGS INC
UFCS,UNITED FIRE GROUP INC
BRY,BERRY
CCCC,C4 THERAPEUTICS INC
CMP,COMPASS MINERALS INTERNATIONAL INC
GOGO,GOGO INC
IIIN,INSTEEL INDUSTRIES INC
LILA,LIBERTY LATIN AMERICA LTD CLASS A
MYE,MYERS INDUSTRIES INC
SHYF,SHYFT GROUP INC
YORW,YORK WATER
ARHS,ARHAUS INC CLASS A
DENN,DENNYS CORP
EE,EXCELERATE ENERGY INC CLASS A
LOVE,LOVESAC COMPANY
WRLD,WORLD ACCEPTANCE CORP
XPER,XPERI INC
ALRS,ALERUS FINANCIAL CORP
REFI,CHICAGO ATLANTIC REAL ESTATE FINAN
MVBF,MVB FINANCIAL CORP
NLOP,NET LEASE OFFICE PROPERTIES
METCV,RAMACO RESOURCES INC CLASS A
RLAY,RELAY THERAPEUTICS INC
SPOK,SPOK HOLDINGS INC
TSBK,TIMBERLAND BANCORP INC
CWCO,CONSOLIDATED WATER LTD
FPI,FARMLAND PARTNERS INC
FISI,FINANCIAL INSTITUTIONS INC
LGFA,LIONS GATE ENTERTAINMENT VOTING CO
FRST,PRIMIS FINANCIAL CORP
RBB,RBB BANCORP
ZUMZ,ZUMIEZ INC
CVGW,CALAVO GROWERS INC
CZNC,CITIZENS AND NORTHERN CORP
GPRE,GREEN PLAINS INC
HBT,HBT FINANCIAL INC
KRNY,KEARNY FINANCIAL CORP
PAYS,PAYSIGN INC
SD,SANDRIDGE ENERGY INC
SFST,SOUTHERN FIRST BANCSHARES INC
AVXL,ANAVEX LIFE SCIENCES CORP
CHPT,CHARGEPOINT HOLDINGS INC CLASS A
CHCT,COMMUNITY HEALTHCARE TRUST INC
HVT,HAVERTY FURNITURE COMPANIES INC
KE,KIMBALL ELECTRONICS INC
PX,P10 INC CLASS A
RRBI,RED RIVER BANCSHARES INC
BIGC,BIGCOMMERCE HOLDINGS INC SERIES
DGICA,DONEGAL GROUP INC CLASS A
GMRE,GLOBAL MEDICAL REIT INC
HTZ,HERTZ GLOBAL HLDGS INC
INZY,INOZYME PHARMA INC
NUVB,NUVATION BIO INC CLASS A
PANL,PANGAEA LOGISTICS SOLUTIONS LTD
PLPC,PREFORMED LINE PRODUCTS
ARIS,ARIS WATER SOLUTIONS INC CLASS A
BTBT,BIT DIGITAL INC
CLDT,CHATHAM LODGING TRUST REIT
DHIL,DIAMOND HILL INVESTMENT GROUP INC
FWRG,FIRST WATCH RESTAURANT GROUP INC
FLGT,FULGENT GENETICS INC
LSEA,LANDSEA HOMES CORP
LWLG,LIGHTWAVE LOGIC INC
LXFR,LUXFER HOLDINGS PLC
MNTK,MONTAUK RENEWABLES INC
OCGN,OCUGEN INC
OIS,OIL STATES INTERNATIONAL INC
RDUS,RADIUS RECYCLING INC CLASS A
PACK,RANPAK HOLDINGS CORP CLASS A
TCMD,TACTILE SYSTEMS TECHNOLOGY INC
ATEX,ANTERIX INC
EAF,GRAFTECH INTERNATIONAL LTD
ILPT,INDUSTRIAL LOGISTICS PROPERTIES TR
WOOF,PETCO HEALTH AND WELLNESS COMPANY
PL,PLANET LABS CLASS A
FDMT,4D MOLECULAR THERAPEUTICS INC
GIC,GLOBAL INDUSTRIAL
ONIT,ONITY GROUP INC
TYRA,TYRA BIOSCIENCES INC
VMD,VIEMED HEALTHCARE INC
BMRC,BANK OF MARIN BANCORP
GNTY,GUARANTY BANCSHARES INC
HNRG,HALLADOR ENERGY
AEHR,AEHR TEST SYSTEMS
EHAB,ENHABIT INC
FNLC,FIRST BANCORP INC
MGTX,MEIRAGTX HOLDINGS PLC
OUST,OUSTER INC CLASS A
RMR,RMR GROUP INC CLASS A
STER,STERLING CHECK CORP
SHBI,SHORE BANCSHARES INC
HCAT,HEALTH CATALYST INC
MITK,MITEK SYSTEMS INC
ML,MONEYLION INC CLASS A
KIND,NEXTDOOR HOLDINGS INC CLASS A
ONTF,ON24 INC
RM,REGIONAL MANAGEMENT CORP
STOK,STOKE THERAPEUTICS INC
TCRX,TSCAN THERAPEUTICS INC
WLDN,WILLDAN GROUP INC
CNSL,CONSOLIDATED COMMUNICATIONS HOLDIN
KODK,EASTMAN KODAK
GRAL,GRAIL INC
HRTG,HERITAGE INSURANCE HOLDINGS INC
LGTY,LOGILITY SUPPLY CHAIN SOLUTIONS IN
MTW,MANITOWOC INC
NVEC,NVE CORP
PKST,PEAKSTONE REALTY TRUST CLASS E
DBI,DESIGNER BRANDS INC CLASS A
IGMS,IGM BIOSCIENCES INC
JAKK,JAKKS PACIFIC INC
THRY,THRYV HOLDINGS INC
DDD,3D SYSTEMS CORP
BYND,BEYOND MEAT INC
ZEUS,OLYMPIC STEEL INC
ORC,ORCHID ISLAND CAPITAL INC
SEAT,VIVID SEATS INC CLASS A
PARAA,PARAMOUNT GLOBAL CLASS A
RIGL,RIGEL PHARMACEUTICALS INC
AURA,AURA BIOSCIENCES INC
MCFT,MASTERCRAFT BOAT HOLDINGS INC
ORGO,ORGANOGENESIS HOLDINGS INC CLASS A
PAHC,PHIBRO ANIMAL HEALTH CORP CLASS A
REPX,RILEY EXPLORATION PERMIAN INC
SLQT,SELECTQUOTE INC
TSVT,2SEVENTY BIO INC
BLFY,BLUE FOUNDRY BANCORP
CENT,CENTRAL GARDEN AND PET
GRND,GRINDR INC
HOFT,HOOKER FURNISHINGS CORP
MXCT,MAXCYTE INC
NRDS,NERDWALLET INC CLASS A
NEWT,NEWTEKONE INC
OOMA,OOMA INC
PKE,PARK AEROSPACE CORP
RGP,RESOURCES CONNECTION INC
TG,TREDEGAR CORP
BLDE,BLADE AIR MOBILITY INC CLASS A
HDSN,HUDSON TECHNOLOGIES INC
OSUR,ORASURE TECHNOLOGIES INC
RBBN,RIBBON COMMUNICATIONS INC
SAGE,SAGE THERAPEUTICS INC
FLWS,1-800 FLOWERS.COM INC CLASS A
CRCT,CRICUT INC CLASS A
DCGO,DOCGO INC
FNKO,FUNKO INC CLASS A
MEI,METHODE ELECTRONICS INC
MLYS,MINERALYS THERAPEUTICS INC
NNOX,NANO X IMAGING LTD
SIGA,SIGA TECHNOLOGIES INC
AMPY,AMPLIFY ENERGY CORP
FLIC,FIRST OF LONG ISLAND CORP
GCO,GENESCO INC
MOV,MOVADO GROUP INC
SFIX,STITCH FIX INC CLASS A
ALEC,ALECTOR INC
OMER,OMEROS CORP
RGNX,REGENXBIO INC
TWI,TITAN INTERNATIONAL INC
CZFS,CITIZENS FINANCIAL SERVICES INC
FFWM,FIRST FOUNDATION INC
TITN,TITAN MACHINERY INC
XERS,XERIS BIOPHARMA HOLDINGS INC
APPS,DIGITAL TURBINE INC
EVLV,EVOLV TECHNOLOGIES HOLDINGS INC CL
STRO,SUTRO BIOPHARMA INC
ALDX,ALDEYRA THERAPEUTICS INC
CRMT,AMERICAS CAR MART INC
INO,INOVIO PHARMACEUTICALS INC
TERN,TERNS PHARMACEUTICALS INC
VPG,VISHAY PRECISION GROUP INC
BYON,BEYOND INC
OABI,OMNIAB INC
ONEW,ONEWATER MARINE CLASS A INC
KIDS,ORTHOPEDIATRICS CORP
FNA,PARAGON INC
PBPB,POTBELLY CORP
SNBR,SLEEP NUMBER CORP
FARO,FARO TECHNOLOGIES INC
REI,RING ENERGY INC
TBI,TRUEBLUE INC
WOW,WIDEOPENWEST INC
AVNW,AVIAT NETWORKS INC
RCEL,AVITA MEDICAL INC
BOC,BOSTON OMAHA CORP CLASS A
EPM,EVOLUTION PETROLEUM CORP
FULC,FULCRUM THERAPEUTICS INC
NUS,NU SKIN ENTERPRISES INC CLASS A
TNGX,TANGO THERAPEUTICS INC
UTMD,UTAH MEDICAL PRODUCTS INC
ACRE,ARES COMMERCIAL REAL ESTATE REIT C
CVRX,CVRX INC
ENFN,ENFUSION INC CLASS A
IPI,INTREPID POTASH INC
IVR,INVESCO MORTGAGE CAPITAL REIT INC
KALV,KALVISTA PHARMACEUTICALS INC
NVTS,NAVITAS SEMICONDUCTOR CORP
TH,TARGET HOSPITALITY CORP
VERV,VERVE THERAPEUTICS INC
WTI,W AND T OFFSHORE INC
ANGO,ANGIODYNAMICS INC
ATNI,ATN INTERNATIONAL INC
BCBP,BCB BANCORP INC
BWMN,BOWMAN CONSULTING GROUP LTD
OLPX,OLAPLEX HOLDINGS INC
CIO,CITY OFFICE REIT INC
CYRX,CRYOPORT INC
CTOS,CUSTOM TRUCK ONE SOURCE INC
CRSR,CORSAIR GAMING INC
LXRX,LEXICON PHARMACEUTICALS INC
NRC,NATIONAL RESEARCH CORP
RMAX,RE MAX HOLDINGS INC CLASS A
SVV,SAVERS VALUE VILLAGE INC
SMRT,SMARTRENT INC CLASS A
VNDA,VANDA PHARMACEUTICALS INC
ALLO,ALLOGENE THERAPEUTICS INC
BHR,BRAEMAR HOTELS RESORTS INC
CERS,CERUS CORP
NRGV,ENERGY VAULT HOLDINGS INC
SEG,SEAPORT ENTERTAINMENT GROUP INC
SAVE,SPIRIT AIRLINES INC
WEST,WESTROCK COFFEE
ZYXI,ZYNEX INC
SLRN,ACELYRIN INC
AFCG,ADVANCED FLOWER CAPITAL INC
CMT,CORE MOLDING TECHNOLOGIES INC
BOOM,DMC GLOBAL INC
PLL,PIEDMONT LITHIUM INC
AMCX,AMC NETWORKS CLASS A INC
INSE,INSPIRED ENTERTAINMENT INC
IRBT,IROBOT CORP
BSRR,SIERRA BANCORP
SRI,STONERIDGE INC
XPOF,XPONENTIAL FITNESS INC CLASS A
EGHT,8X8 INC
ALNT,ALLIENT INC
ULCC,FRONTIER GROUP HOLDINGS INC
GNE,GENIE ENERGY LTD CLASS B
VYGR,VOYAGER THERAPEUTICS INC
AVIR,ATEA PHARMACEUTICALS INC
MED,MEDIFAST INC
ALTG,ALTA EQUIPMENT GROUP INC CLASS A
EB,EVENTBRITE CLASS A INC
GRWG,GROWGENERATION CORP
MBI,MBIA INC
NXDT,NEXPOINT DIVERSIFIED REAL ESTATE T
CMPX,COMPASS THERAPEUTICS
LAW,CS DISCO INC
DOMO,DOMO INC CLASS B
EDIT,EDITAS MEDICINE INC
IHRT,IHEARTMEDIA INC CLASS A
ITOS,ITEOS THERAPEUTICS INC
LAZR,LUMINAR TECHNOLOGIES INC CLASS A
PSTL,POSTAL REALTY TRUST INC CLASS A
SB,SAFE BULKERS INC
ARAY,ACCURAY INC
ENTA,ENANTA PHARMACEUTICALS INC
FRGE,FORGE GLOBAL HOLDINGS INC
IAUX,I GOLD CORP
KOD,KODIAK SCIENCES INC
MGNX,MACROGENICS INC
ONL,ORION OFFICE REIT INC
BMEA,BIOMEA FUSION INC
CDXS,CODEXIS INC
CRBP,CORBUS PHARMACEUTICALS HOLDINGS IN
EVC,ENTRAVISION COMMUNICATIONS CORP CL
FORR,FORRESTER RESEARCH INC
OFLX,OMEGA FLEX INC
LUNG,PULMONX CORP
TCX,TUCOWS INC
CHGG,CHEGG INC
PEPG,PEPGEN INC
AMPS,ALTUS POWER INC CLASS A
CDLX,CARDLYTICS INC
FATE,FATE THERAPEUTICS INC
HRTX,HERON THERAPEUTICS INC
JRVR,JAMES RIVER GROUP HOLDINGS LTD
TMCI,TREACE MEDICAL CONCEPTS INC
ACCD,ACCOLADE INC
DSGN,DESIGN THERAPEUTICS INC
EWCZ,EUROPEAN WAX CENTER INC CLASS A
GBIO,GENERATION BIO
MODV,MODIVCARE INC
NVRO,NEVRO CORP
PGEN,PRECIGEN INC
ACDC,PROFRAC HOLDING CLASS A CORP
GPMT,GRANITE POINT MORTGAGE TRUST INC
JOUT,JOHNSON OUTDOORS INC CLASS A
SCPH,SCPHARMACEUTICALS INC
AVD,AMER VANGUARD CORP
SLDP,SOLID POWER INC CLASS A
BRCC,BRC INC CLASS A
SSP,EW SCRIPPS CLASS A
DH,DEFINITIVE HEALTHCARE CORP CLASS A
GPRO,GOPRO INC CLASS A
HMST,HOMESTREET INC
IMMR,IMMERSION CORP
INGN,INOGEN INC
MVIS,MICROVISION INC
WALD,WALDENCAST PLC CLASS A
SKIN,BEAUTY HEALTH COMPANY CLASS A CLAS
DXLG,DESTINATION XL GROUP INC
MRSN,MERSANA THERAPEUTICS INC
PRME,PRIME MEDICINE INC
ASLE,AERSALE CORP
POWW,AMMO INC
RMNI,RIMINI STREET INC
MYPS,PLAYSTUDIOS INC CLASS A
TCBX,THIRD COAST BANCSHARES INC
ZNTL,ZENTALIS PHARMACEUTICALS INC
CABA,CABALETTA BIO INC
CBAN,COLONY BANKCORP INC
TPIC,TPI COMPOSITES INC
RILY,B RILEY FINANCIAL INC
CRBU,CARIBOU BIOSCIENCES INC
FCEL,FUELCELL ENERGY INC
LYEL,LYELL IMMUNOPHARMA INC
ASUR,ASURE SOFTWARE INC
CVGI,COMMERCIAL VEHICLE GROUP INC
TNYA,TENAYA THERAPEUTICS INC
CRNC,CERENCE INC
INBX,INHIBRX BIOSCIENCES INC
SSTI,SOUNDTHINKING INC
STHO,STAR HOLDINGS SHARES OF BENEFICIAL
SUNS,SUNRISE REALTY TRUST INC
NKTX,NKARTA INC
OPRX,OPTIMIZERX CORP
XFOR,X4 PHARMACEUTICALS INC
PROK,PROKIDNEY CORP CLASS A
VTYX,VENTYX BIOSCIENCES INC
MASS,908 DEVICES
QSI,QUANTUM SI INC CLASS A
TTEC,TTEC HOLDINGS INC
SES,SES AI CORP CLASS A
SPCE,VIRGIN GALACTIC HOLDINGS INC SHS C
BLNK,BLINK CHARGING
STEM,STEM INC
OTLK,OUTLOOK THERAPEUTICS INC
SCLX,SCILEX HOLDING
TDUP,THREDUP INC CLASS A
MOND,MONDEE HOLDINGS INC CLASS A
OB,OUTBRAIN INC
AGEN,AGENUS INC
IPSC,CENTURY THERAPEUTICS INC
ADRO,CHINOOK THERAPEUTICS INC
ALXO,ALX ONCOLOGY HOLDINGS INC
CHRS,COHERUS BIOSCIENCES INC
RAPT,RAPT THERAPEUTICS INC
AVTE,AEROVATE THERAPEUTICS INC
HLVX,HILLEVAX INC
BLUE,BLUEBIRD BIO INC
CPS,COOPER STANDARD HOLDINGS INC
INH,INHIBRX INC CVR
ADRO,CHINOOK THERAPEUTICS INC CVR
WLLBW,CHORD ENERGY EQUITY WARRANTS SERIE